SpMax_L,J_Dz(e),nHM,F01[N-N],F04[C-N],NssssC,nCb-,C%,nCp,nO,F03[C-N],SdssC,HyWi_B(m),LOC,SM6_L,F03[C-O],Me,Mi,nN-N,nArNO2,nCRX3,SpPosA_B(p),nCIR,B01[C-Br],B03[C-Cl],N-073,SpMax_A,Psi_i_1d,B04[C-Br],SdO,TI2_L,nCrt,C-026,F02[C-N],nHDon,SpMax_B(m),Psi_i_A,nN,SM6_B(m),nArCOOR,nX,Class*
5.146,2.3537,1,1,15,0,9,39.4,2,8,18,-0.878,4.696,1.471,11.447,12,1.036,1.133,0,2,0,1.234,3,0,1,0,2.439,0,0,68.836,4.958,0,8,17,1,4.062,2.791,6,9.906,0,1,1
5.127,2.3092,0,1,15,0,8,39.4,2,8,18,-0.843,4.63,1.474,11.395,12,1.031,1.134,0,2,0,1.226,3,0,0,0,2.431,0,0,68.414,4.899,0,7,17,1,3.959,2.767,6,9.783,0,0,1
4.958,1.994,1,1,13,0,6,41.3,2,2,15,0,4.33,1.476,11.064,4,1.014,1.127,0,1,0,1.296,4,0,0,0,2.422,0,0,21.767,5.289,0,3,13,0,4.297,2.482,6,9.68,0,0,1
5.014,1.9369,3,1,10,0,6,43.9,1,0,12,0,4.364,1.423,10.971,0,1.013,1.117,0,0,0,1.335,4,0,1,0,2.439,0,0,0,5.224,0,4,11,0,4.354,2.297,5,9.78,0,2,1
4.97,1.9216,3,1,10,0,6,43.9,1,0,12,0,4.364,1.423,10.971,0,1.013,1.117,0,0,0,1.334,4,0,1,0,2.428,0,0,0,5.251,0,4,11,0,4.328,2.297,5,9.78,0,2,1
4.704,1.8224,0,2,12,0,6,47.4,0,2,16,0,4.12,0.49,10.767,4,1.013,1.118,0,0,0,1.269,3,0,0,0,2.277,0,0,0,5.547,0,6,12,2,3.766,2.417,4,9.201,0,0,1
5.216,1.9408,1,0,5,0,8,51.4,0,2,9,-0.382,4.211,0.566,11.057,6,1.013,1.104,0,0,0,1.322,7,0,1,1,2.53,0,0,12.687,3.608,0,3,7,3,4.101,2.38,2,9.502,0,1,1
5.058,2.5326,3,1,8,0,7,38.1,2,4,12,0,4.401,1.487,11.015,4,1.045,1.133,0,1,0,1.255,2,0,1,0,2.385,0,0,21.604,4.881,0,7,12,2,4.095,2.815,4,9.715,0,3,1
4.871,1.8116,1,1,9,0,3,42.6,0,2,12,0,4.357,1.107,10.946,2,1.014,1.124,0,1,0,1.296,3,0,0,0,2.327,0,0,21.375,5.5,0,2,11,0,4.247,2.471,6,9.645,0,0,1
4.913,1.9555,0,2,14,0,7,44.2,0,4,18,0,4.287,0.845,10.988,8,1.029,1.126,0,1,0,1.249,3,0,0,0,2.335,0,0,21.325,5.539,0,7,14,1,3.857,2.613,5,9.442,0,0,1
6.293,7.547,1,0,1,8,0,26.8,2,3,1,0,4.549,1.886,12.166,6,1.207,1.288,0,0,1,0.957,0,0,0,0,2.675,0,0,22.604,4.624,0,0,2,1,4.744,5.27,1,9.999,0,17,1
5.041,1.6582,0,2,16,0,10,42.9,4,6,22,-2.123,4.788,0.887,11.617,10,1.01,1.125,0,0,0,1.261,4,0,0,0,2.406,0,0,50.316,8.013,0,6,18,2,3.866,2.458,6,9.86,0,0,1
5.63,2.295,4,0,0,0,1,27.7,0,4,0,0,4.114,0.737,11.381,4,0.977,1.109,0,0,0,1.477,2,0,0,0,2.496,0,0,0,2.052,0,1,0,0,4.396,2.021,0,9.803,0,0,1
5.995,2.3808,8,0,0,3,0,41.7,0,0,0,0.394,4.378,0.752,11.528,0,1.074,1.102,0,0,0,1.373,6,0,1,0,2.805,0,0,0,1.076,4,0,0,0,4.407,2.6,0,9.952,0,8,1
5.512,1.5684,0,0,2,1,8,47.4,2,2,4,0,4.346,0.541,11.302,8,0.991,1.112,0,0,0,1.287,4,0,0,0,2.431,0,0,0,5.531,0,6,4,4,3.811,2.116,2,9.413,0,0,1
5.058,2.5304,3,1,8,0,7,38.1,2,4,12,0,4.617,1.487,11.015,4,1.042,1.13,0,1,0,1.271,2,1,1,0,2.385,0,1,21.68,4.881,0,7,12,2,6.88,2.764,4,11.696,0,3,1
5.189,1.5615,0,0,28,0,0,55.6,0,0,20,0,4.84,0,11.742,0,0.998,1.102,0,0,0,1.355,24,0,0,0,2.525,0,0,0,1.875,0,0,24,0,4.092,2.056,8,10.09,0,0,1
4.954,1.8616,0,1,14,0,6,46.2,0,2,18,0,4.408,1.164,11.064,4,1.009,1.121,0,1,0,1.289,3,0,0,0,2.347,0,0,21.72,5.85,0,4,14,0,3.897,2.531,6,9.539,0,0,1
5.123,2.2756,0,1,10,0,6,50,1,1,10,0,3.939,0.548,10.737,2,0.995,1.109,0,0,0,1.311,4,0,0,0,2.413,0,0,0,3.631,0,3,6,1,3.938,2.2,2,9.08,0,0,1
5.127,2.0086,0,1,12,0,7,54.1,0,1,10,0,4.095,0.393,10.925,2,0.995,1.1,0,0,0,1.33,6,0,0,0,2.423,0,0,0,3.993,0,3,6,1,3.957,2.159,2,9.281,0,0,1
5.356,1.3417,1,0,6,1,5,38.2,2,2,6,-0.096,4.555,1.852,11.424,3,1.005,1.141,0,0,1,1.215,7,0,0,1,2.502,0,0,11.86,7.751,0,4,11,0,4.079,2.384,3,9.551,0,3,1
5.373,1.9989,0,0,7,0,7,51.2,0,2,11,0,4.226,0.75,11.197,4,1.006,1.107,0,0,0,1.303,15,0,0,0,2.566,0,0,0,2.712,0,0,2,0,4.141,2.103,3,9.466,0,0,1
5.138,1.7205,0,2,18,0,7,48,1,0,19,0,4.296,0.67,11.007,0,0.992,1.116,0,0,0,1.304,5,0,0,0,2.423,0,0,0,5.649,0,5,15,1,3.934,2.057,5,9.394,0,0,1
5.236,1.9483,5,0,0,0,9,52.9,2,2,0,0.495,4.445,0.7,11.29,6,1.032,1.076,0,0,0,1.393,6,0,1,0,2.573,0,0,25.873,2.912,0,5,0,0,4.279,2.467,0,9.946,0,3,1
5.465,1.9086,3,0,4,0,11,58.3,0,3,6,-1.116,4.469,0.648,11.412,12,1.041,1.084,0,0,0,1.335,15,0,1,1,2.603,0,0,39.297,2.108,0,5,4,1,4.139,2.613,1,9.847,0,3,1
5.035,2.0253,1,2,8,0,3,45.7,1,1,12,0.379,4.103,0.595,10.85,2,1.014,1.121,0,0,0,1.297,3,0,1,0,2.444,0,0,12.447,4.041,0,3,14,0,3.928,2.354,4,9.291,0,1,1
5.406,1.997,0,0,8,0,8,50,1,2,8,-0.269,4.196,0.777,11.159,8,0.998,1.108,0,0,0,1.297,7,0,0,1,2.552,0,0,26.252,2.915,0,3,6,2,3.993,2.295,2,9.326,0,0,1
5.376,1.357,0,1,14,0,12,53.6,0,4,14,-1.174,4.602,0.559,11.615,16,1.016,1.102,0,0,0,1.298,12,0,0,0,2.537,0,0,51.819,6.659,0,2,8,4,4.006,2.544,4,9.786,0,0,1
5.125,2.3274,0,1,10,0,6,48.5,0,3,11,0,4.067,0.797,10.854,6,1.025,1.115,0,1,0,1.279,4,0,0,0,2.415,0,0,21.934,3.923,0,4,8,1,3.951,2.636,3,9.294,0,0,1
5.126,2.3321,1,1,10,0,7,48.5,0,3,11,0,4.18,0.832,10.931,6,1.035,1.113,0,1,0,1.291,4,0,1,0,2.418,0,0,22.121,3.982,0,5,8,1,3.996,2.686,3,9.487,0,1,1
5.513,1.971,2,1,17,0,12,40.5,2,7,15,-0.663,4.762,1.229,11.68,20,1.02,1.123,0,0,0,1.255,5,0,1,0,2.48,0,0,39.702,6.079,0,9,12,2,4.725,2.505,4,10.243,0,1,1
5.422,1.0553,0,0,14,0,16,56.6,0,7,16,-3.227,4.939,0.494,11.976,26,1.019,1.094,0,0,0,1.302,22,0,0,1,2.583,0,0,95.149,6.65,0,4,10,3,4.043,2.544,3,10.128,0,0,1
4.867,1.7419,0,1,11,0,5,42.9,0,4,17,-0.548,4.461,1.053,11.078,7,1.018,1.128,0,1,0,1.255,3,0,0,0,2.312,0,0,33.409,6.841,0,5,15,1,3.848,2.574,6,9.55,0,0,1
5.51,1.5605,1,0,4,0,8,53.1,0,4,5,-0.412,4.476,0.531,11.465,16,1.011,1.093,0,0,0,1.315,8,0,0,1,2.529,0,0,51.613,4.821,0,4,4,1,4.737,2.503,1,10.044,0,0,1
5.2,1.9716,6,0,0,0,8,57.1,0,2,0,-0.006,4.476,0.691,11.236,6,1.058,1.061,0,0,0,1.403,6,0,1,0,2.57,0,0,25.54,2.815,0,6,0,0,4.299,2.588,0,10.014,0,4,1
4.88,1.8336,0,2,15,0,7,43.8,1,3,20,-0.53,4.297,1.064,10.994,5,1.014,1.126,0,0,0,1.255,3,0,0,0,2.322,0,0,11.183,6.19,0,6,14,2,3.804,2.425,5,9.37,0,0,1
5.275,1.1922,0,0,0,0,8,45.2,0,8,0,0,4.733,0,11.537,12,1.005,1.114,0,0,0,1.224,8,0,0,0,2.476,0,0,0,3.336,0,4,0,0,3.823,2.029,0,9.782,0,0,1
5.393,4.1155,4,0,0,0,0,19.5,0,3,0,0,3.797,1.907,10.77,0,0.965,1.12,0,0,0,1.54,0,0,0,0,2.327,0.001,0,0,3.298,0,0,0,0,4.26,1.963,0,9.482,0,0,1
5.283,5.474,0,0,0,4,0,32,10,4,0,0,3.811,2.161,11.219,14,0.991,1.141,0,0,0,1.186,0,0,0,0,2.298,0,0,0,5.013,0,0,0,0,3.646,2.2,0,8.699,0,0,1
5.401,1.8664,1,0,4,0,8,47.7,0,6,5,-0.793,4.384,0.973,11.374,15,1.03,1.104,0,0,0,1.275,7,0,0,1,2.547,0,0,48.292,4.114,0,4,4,2,4.697,2.744,1,9.989,0,0,1
5.122,1.2345,0,0,5,0,6,44.4,0,1,9,-0.027,4.436,0.459,11.314,3,1,1.13,0,0,0,1.253,6,0,0,0,2.481,0,0,12.525,6.056,0,4,9,1,3.819,2.304,3,9.425,0,2,1
5.242,1.8379,1,1,17,0,10,46.4,1,4,17,-1.437,4.575,0.978,11.387,9,1.022,1.118,0,0,0,1.279,5,0,1,0,2.473,0,0,35.756,5.42,0,6,13,5,4.01,2.605,5,9.78,0,1,1
5.171,3.0889,1,1,16,0,8,35.3,4,10,16,-1.519,4.853,1.939,11.416,13,1.042,1.14,0,2,0,1.216,2,1,0,0,2.444,0,1,80.579,4.766,0,8,17,1,6.88,2.892,6,11.72,0,1,1
4.935,3.2825,0,0,0,0,4,41.7,4,0,0,0,3.17,0.861,10.06,0,0.966,1.121,0,0,0,1.315,1,0,0,0,2.303,0.013,0,0,1.047,0,0,0,0,3.759,1.867,0,8.214,0,0,1
5.186,1.9185,4,0,0,0,8,52.9,2,2,0,0.766,4.359,0.691,11.221,6,1.022,1.078,0,0,0,1.391,6,0,1,0,2.561,0,0,25.702,2.878,0,4,0,0,4.247,2.412,0,9.827,0,2,1
5.248,1.9626,4,0,0,0,10,50,4,2,0,0.764,4.413,0.704,11.354,6,1.013,1.087,0,0,0,1.379,6,0,1,0,2.583,0,0,26.227,2.955,0,4,0,0,4.264,2.355,0,9.875,0,2,1
5.023,1.5833,2,2,14,0,12,43.9,6,4,22,-2.154,4.86,0.807,11.667,6,1.01,1.121,0,0,0,1.291,4,0,1,0,2.394,0,0,50.233,8.673,0,6,18,2,4.006,2.47,6,10.054,0,2,1
5.122,2.0817,0,1,9,0,6,47.4,1,2,9,0,4.024,0.923,10.773,5,1.001,1.114,0,0,0,1.278,4,0,0,0,2.412,0,0,0,4.291,0,4,6,1,3.941,2.227,2,9.124,0,0,1
5.436,3.4275,0,0,4,2,2,41.2,4,2,4,0,3.8,1.817,10.945,2,1.001,1.127,0,0,0,1.259,1,0,0,0,2.41,0,0,20.833,2.978,0,0,6,0,3.785,2.602,2,8.879,0,0,1
5.123,2.2397,1,1,10,0,7,48.5,0,3,11,0,4.18,0.832,10.931,6,1.035,1.113,0,1,0,1.291,4,0,1,0,2.415,0,0,21.389,4.146,0,5,8,1,4.004,2.686,3,9.487,0,1,1
5.127,2.3412,0,1,11,0,7,45.7,0,5,13,0,4.214,0.942,11.028,10,1.048,1.122,0,2,0,1.257,4,0,0,0,2.421,0,0,43.745,4.139,0,5,10,1,3.977,2.947,4,9.503,0,0,1
5.588,5.4765,5,0,0,0,0,21.1,0,4,0,0,4.106,1.582,11.414,0,0.967,1.122,0,0,0,1.501,0,0,0,0,2.449,0,0,0,1.763,0,0,0,0,4.376,1.975,0,9.895,0,0,1
5.401,1.9925,0,0,7,0,7,52.6,0,2,8,-0.402,4.131,0.566,11.077,8,1.004,1.103,0,0,0,1.3,7,0,0,1,2.547,0,0,25.788,2.773,0,3,6,3,3.993,2.396,2,9.274,0,0,1
6.213,6.6774,0,0,0,6,0,29.6,2,1,0,0,4.101,1.673,11.72,1,1.22,1.31,0,0,1,0.913,0,0,0,0,2.622,0,0,0,3.183,0,0,0,1,3.921,5.477,0,9.052,0,13,1
5.122,2.2613,0,1,9,0,5,51.6,0,1,9,0,3.895,0.447,10.628,2,0.998,1.106,0,0,0,1.309,4,0,0,0,2.41,0,0,0,3.491,0,3,6,1,3.935,2.228,2,9.028,0,0,1
5.095,2.4696,4,0,3,0,7,48.1,0,2,4,-0.565,4.231,0.737,10.813,6,1.054,1.103,0,0,0,1.322,2,0,1,0,2.383,0,0,12.071,3.694,0,6,3,2,4.07,2.764,1,9.656,0,4,1
5.272,2.457,4,0,0,0,6,50,1,4,0,1.548,5.15,1.163,11.265,9,1.027,1.09,0,0,0,1.372,3,1,0,0,2.485,0,1,24.85,2.649,0,3,0,1,6.895,2.467,0,12.981,1,4,1
5.703,1.7918,0,0,6,1,9,46.6,0,1,9,0,4.545,0.782,11.602,6,0.983,1.114,0,0,0,1.299,6,0,0,1,2.564,0,0,0,3.391,0,4,8,1,3.998,2.007,3,9.639,0,0,1
4.562,3.6792,0,0,0,0,0,25,2,0,0,0,2.821,0.918,9.184,0,1.213,1.326,0,0,0,0.881,0,0,0,0,2,-0.31,0,0,1.521,0,0,0,0,3.363,5.778,0,7.465,0,4,1
6.293,7.601,1,0,1,8,0,27.3,3,3,1,0,4.57,1.941,12.173,6,1.19,1.278,0,0,1,0.963,0,0,0,0,2.676,0,0,23.066,4.736,0,0,3,1,4.742,5.159,1,10.004,0,17,1
5.818,2.1837,8,0,0,1,16,54.1,0,5,0,-0.796,5.299,0.681,11.744,18,1.085,1.072,0,0,0,1.38,9,1,1,0,2.707,0,1,13.215,1.775,1,12,0,2,6.897,2.637,0,13.004,1,8,1
5.229,1.7561,3,0,3,0,8,57.1,0,2,3,0.448,4.612,0.596,11.289,6,1.023,1.077,0,0,0,1.379,9,1,1,0,2.57,0,1,25.809,3.02,0,4,4,1,6.88,2.354,1,11.709,0,2,1
5.401,1.7339,2,0,6,0,8,53.8,0,2,6,-0.374,4.363,0.528,11.255,8,1.011,1.085,0,0,0,1.361,9,0,0,0,2.55,0,0,26.116,3.399,0,2,4,2,4.358,2.333,2,9.794,0,0,1
5.054,2.3768,2,1,9,0,6,40.4,1,4,14,-0.366,4.445,1.834,11.044,5,1.035,1.13,0,1,0,1.262,2,0,1,0,2.374,0,0,32.613,5.583,0,6,13,0,4.09,2.763,5,9.7,0,2,1
5.702,1.7634,0,0,6,1,9,47.1,0,1,9,0,4.521,0.759,11.552,6,0.984,1.113,0,0,0,1.301,6,0,0,1,2.558,0,0,0,3.348,0,4,8,2,3.989,2.02,3,9.614,0,0,1
5.562,3.1602,6,0,0,0,0,20,0,6,0,0,4.273,0.691,11.63,0,0.976,1.118,0,0,0,1.504,1,0,0,0,2.449,0,0,0,1.359,0,0,0,0,4.388,2.049,0,10.08,0,0,1
5.562,3.0468,5,0,0,0,0,20,0,5,0,0,4.093,0.716,11.448,0,0.976,1.118,0,0,0,1.498,1,0,0,0,2.449,0,0,0,1.192,0,0,0,0,4.385,2.049,0,9.898,0,0,1
5.155,2.0962,0,0,3,0,6,42.4,0,0,6,0,4.211,0.993,11.121,0,0.978,1.124,0,0,0,1.29,3,0,0,0,2.43,0,0,0,2.561,0,3,6,0,3.81,1.905,3,9.227,0,0,1
5.079,2.7598,1,1,14,0,7,39.6,3,3,17,-0.257,4.584,1.383,11.102,5,1.021,1.133,0,1,0,1.274,2,1,0,0,2.4,0,1,33.55,4.456,0,6,16,1,6.88,2.658,6,11.678,0,1,1
5.123,2.2451,0,1,10,0,7,48.6,2,1,10,0,3.98,0.61,10.824,2,0.992,1.111,0,0,0,1.313,4,0,0,0,2.414,0,0,0,3.8,0,3,6,1,3.939,2.175,2,9.128,0,0,1
5.054,2.4404,2,1,8,0,6,39.5,1,3,12,0,4.248,1.372,10.892,4,1.035,1.132,0,1,0,1.261,2,0,1,0,2.373,0,0,21.488,4.768,0,6,11,1,4.09,2.718,4,9.54,0,2,1
4.698,1.8293,0,2,12,0,5,48.6,0,1,16,0,4.074,0.393,10.675,2,1.004,1.116,0,0,0,1.286,3,0,0,0,2.272,0,0,0,5.347,0,5,12,1,3.758,2.275,4,9.147,0,0,1
5.14,1.8432,0,2,18,0,7,51.2,0,1,18,0,4.244,0.352,10.969,2,1.001,1.109,0,0,0,1.306,5,0,0,0,2.428,0,0,0,4.536,0,5,12,1,3.953,2.21,4,9.376,0,0,1
5.495,2.668,0,0,0,3,6,40.7,9,1,0,0,4.071,1.082,11.457,4,0.972,1.123,0,0,0,1.284,2,0,0,0,2.488,0,0,0,3.069,0,1,0,1,3.897,1.99,0,9.12,0,0,1
4.834,1.8451,0,2,13,0,6,47.5,1,1,16,0,4.111,0.49,10.779,3,1.001,1.117,0,0,0,1.288,3,0,0,0,2.296,0,0,0,5.486,0,5,12,1,3.782,2.25,4,9.193,0,0,1
4.732,3.3033,3,0,0,0,3,50,0,0,0,0,4.554,0.881,9.803,0,1.028,1.064,0,0,0,1.542,1,1,0,0,2.236,-0.024,1,0,0.95,0,3,0,0,6.904,2.139,0,12.674,0,3,1
5.268,4.0081,4,0,0,0,6,40,0,2,0,0,3.962,1.197,10.51,4,1.068,1.114,0,0,0,1.296,1,0,1,0,2.439,0.001,0,0,1.098,0,6,0,0,4.252,2.675,0,9.448,0,4,1
5.1,2.7199,6,0,0,0,8,54.5,0,0,0,0,4.281,0.76,10.787,0,1.062,1.079,0,0,0,1.398,2,0,1,0,2.414,0,0,0,2.525,0,6,0,0,4.195,2.556,0,9.827,0,6,1
5.123,2.2874,0,1,10,0,6,48.6,0,2,9,0,3.987,0.741,10.766,4,1.005,1.112,0,0,0,1.286,4,0,0,0,2.414,0,0,0,3.785,0,4,6,1,3.938,2.262,2,9.109,0,0,1
5.727,2.2718,5,0,0,1,10,48.7,0,5,0,0,5.17,0.68,11.583,16,1.047,1.083,0,0,0,1.374,5,1,0,0,2.652,0,1,25.842,2.157,1,7,0,2,6.896,2.598,0,13.001,0,4,1
5.727,2.2624,3,0,0,1,10,46.7,2,5,0,0,4.844,0.68,11.583,18,1.025,1.097,0,0,0,1.329,5,1,0,0,2.652,0,1,25.889,2.157,1,5,0,2,6.882,2.546,0,12.355,0,2,1
5.525,3.1645,0,0,7,2,5,36.8,5,4,7,0,3.939,1.067,11.292,8,1.015,1.136,0,2,0,1.24,3,0,0,0,2.615,0,0,45.18,1.396,0,2,4,0,4.051,2.817,2,9.225,0,0,1
5.761,2.2937,1,0,0,1,10,45.1,4,5,0,0,4.358,0.68,11.583,18,1.008,1.109,0,0,0,1.286,5,0,0,0,2.663,0,0,26.041,2.067,1,3,0,2,4.746,2.494,0,9.969,0,0,1
5.137,1.857,1,0,5,0,8,51.4,0,2,8,-0.373,4.211,0.566,11.047,6,1.013,1.104,0,0,0,1.321,7,0,1,1,2.511,0,0,12.507,3.781,0,3,7,3,4.084,2.38,2,9.501,0,1,1
5.236,3.8784,6,0,0,0,6,46.2,0,0,0,0,4.029,0.799,10.434,0,1.104,1.068,0,0,0,1.44,1,0,1,0,2.414,0.004,0,0,0.873,0,6,0,0,4.322,2.815,0,9.637,0,5,1
5.099,2.0837,1,0,3,0,7,50,1,2,5,-0.367,4.108,0.65,10.904,6,1.007,1.105,0,0,0,1.315,4,0,1,0,2.418,0,0,12.428,3.744,0,3,3,2,3.944,2.407,1,9.347,0,1,1
5.46,4.2445,0,0,5,1,5,34.3,4,5,6,0,3.89,1.207,11.002,11,1.029,1.141,0,2,0,1.212,1,0,0,0,2.493,0,0,44.352,1.528,0,3,4,0,4.02,3.004,2,9.159,0,0,1
5.356,1.6725,1,0,5,1,5,40.4,1,0,6,0,4.29,0.744,11.272,0,1.01,1.143,0,0,1,1.23,7,0,0,1,2.502,0,0,0,4.17,0,4,10,0,4.079,2.426,3,9.376,0,3,1
5.554,1.7185,0,0,14,0,12,60.9,0,2,12,0.071,4.465,0.406,11.623,8,1.003,1.085,0,0,0,1.351,96,0,0,2,2.677,0,0,26.731,1.664,0,0,8,2,4.245,2.177,2,9.773,0,0,1
5.807,2.2988,0,0,0,4,0,34.5,5,2,0,0,3.896,1.544,11.474,5,0.975,1.136,0,0,0,1.22,3,0,0,0,2.586,0,0,0,2.926,3,0,0,2,3.656,2.053,0,8.675,0,0,1
4.7,1.7425,2,0,16,0,4,34.4,0,0,22,0.564,4.507,0.591,11.007,0,1.006,1.147,0,0,0,1.238,2,0,1,0,2.241,0,0,0,10.882,0,4,6,10,3.883,2.34,10,9.632,0,2,1
5.237,1.61,2,0,4,0,5,40.8,0,0,6,0,4.224,0.477,11.003,0,0.988,1.121,0,0,0,1.304,7,0,1,1,2.485,0,0,0,4.207,0,5,10,0,4.097,1.871,3,9.407,0,1,1
5.236,2.9421,6,0,0,0,0,33.3,0,0,0,0,4.006,0.799,10.434,0,1.069,1.12,0,0,0,1.347,1,0,1,0,2.414,0.004,0,0,0.873,0,0,0,0,4.085,2.722,0,9.504,0,6,1
5.562,2.8508,4,0,0,0,0,20,0,4,0,0,3.874,0.75,11.225,0,0.976,1.118,0,0,0,1.505,1,0,0,0,2.449,0,0,0,1.048,0,0,0,0,4.382,2.049,0,9.675,0,0,1
5.772,2.3609,5,0,0,1,12,46.7,2,5,0,0,5.195,0.686,11.678,16,1.035,1.09,0,0,0,1.367,5,1,0,0,2.671,0,1,26.287,2.189,1,7,0,2,6.897,2.538,0,13.003,0,4,1
6.03,1.6215,0,0,0,5,0,37,7,3,0,0.978,4.33,0.828,11.994,10,0.978,1.131,0,0,0,1.237,15,0,0,0,2.711,0,0,12.794,2.275,5,0,0,2,3.829,2.003,0,9.207,0,0,1
5.465,2.0578,1,0,9,0,9,45.8,1,5,8,-0.955,4.407,0.817,11.452,16,1.021,1.11,0,0,0,1.281,7,0,0,0,2.569,0,0,52.188,3.432,0,4,5,3,4.711,2.642,2,9.995,0,0,1
5.122,1.6946,0,2,15,0,7,51.2,0,1,17,0,4.244,0.352,10.969,2,1.001,1.109,0,0,0,1.306,5,0,0,0,2.411,0,0,0,5.624,0,5,12,1,3.937,2.21,4,9.375,0,0,1
5.093,2.4208,3,0,3,0,6,48.1,0,2,4,-0.373,4.793,0.73,10.713,6,1.032,1.093,0,0,0,1.381,2,1,0,0,2.378,0,1,12.1,3.574,0,5,3,2,6.893,2.496,1,12.688,0,3,1
5.109,2.1181,1,0,4,0,8,46.3,0,4,4,-0.47,4.221,0.942,11.032,10,1.02,1.112,0,0,0,1.272,4,0,1,0,2.426,0,0,12.612,4.029,0,5,3,2,3.975,2.464,1,9.428,0,1,1
5.098,2.0628,1,0,3,0,7,50,1,2,5,-0.353,4.108,0.65,10.904,6,1.007,1.105,0,0,0,1.315,4,0,1,0,2.417,0,0,12.412,3.766,0,3,3,2,3.942,2.407,1,9.347,0,1,1
5.406,2.5797,1,0,0,2,8,40,8,2,0,0,4.144,1.006,11.361,8,0.982,1.119,0,0,0,1.3,2,0,0,0,2.446,0,0,0,3.797,0,4,0,2,4.037,2.147,0,9.332,0,0,1
5.164,2.5235,4,0,0,0,4,50,1,0,0,0,4.133,0.946,10.629,0,1.017,1.096,0,0,0,1.367,2,0,1,0,2.396,0,0,0,2.485,0,2,0,0,4.023,2.321,0,9.529,0,4,1
4.969,1.8458,0,0,10,0,6,41.9,4,4,12,-0.531,4.726,1.375,11.397,6,0.999,1.127,0,0,0,1.272,2,0,0,0,2.348,0,0,24.485,12.185,0,2,12,0,3.8,2.493,6,9.744,0,0,1
5.402,2.0001,0,0,8,0,8,50,0,3,8,-0.462,4.204,0.777,11.167,10,1.009,1.108,0,0,0,1.281,7,0,0,1,2.548,0,0,26.01,3.125,0,4,6,3,3.995,2.41,2,9.338,0,0,1
5.014,1.7486,3,1,11,0,6,43.9,0,0,11,0,4.768,1.625,10.896,0,1.008,1.112,0,0,0,1.373,4,1,0,0,2.438,0,1,0,5.876,0,3,9,1,6.892,2.192,5,12.322,0,2,1
5.092,1.7803,0,0,12,0,12,41.9,0,10,16,0,4.716,1.022,11.566,20,1.05,1.129,0,4,0,1.231,4,0,0,2,2.433,0,0,90.179,6.017,0,10,16,2,3.971,2.952,6,9.987,0,0,1
5.142,2.2694,0,1,14,0,6,40.9,4,7,18,-1.477,4.594,1.483,11.38,13,1.023,1.129,0,1,0,1.236,3,0,0,0,2.416,0,0,58.116,4.086,0,5,15,1,3.864,2.671,5,9.699,0,0,1
4.928,1.7796,1,1,9,0,6,43.1,1,3,12,0,4.383,0.812,11.028,6,1.013,1.124,0,1,0,1.267,3,0,1,0,2.334,0,0,21.549,6.366,0,6,12,0,3.99,2.404,4,9.555,0,1,1
5.009,2.6493,5,0,0,0,7,52.2,0,1,0,0,5.112,0.745,10.692,4,1.039,1.065,0,0,0,1.488,2,1,0,0,2.37,0,1,0,3.099,0,7,0,0,6.931,2.162,0,13.188,0,5,1
4.97,1.882,3,1,11,0,6,42.6,1,2,12,-0.328,4.485,1.703,11.078,1,1.023,1.12,0,0,0,1.31,4,0,1,0,2.428,0,0,10.966,5.718,0,4,11,0,4.328,2.446,5,9.859,0,2,1
6.253,7.3037,1,0,1,6,0,26.3,3,3,1,0,4.378,1.87,11.929,6,1.172,1.264,0,0,1,0.976,0,0,0,0,2.651,0,0,22.874,3.964,0,0,3,1,4.742,5.033,1,9.878,0,13,1
5.489,3.3045,0,0,0,2,4,36.5,7,3,0,-0.176,3.933,1.933,11.152,7,0.985,1.132,0,0,0,1.232,1,0,0,0,2.466,0,0,11.575,3.38,0,1,0,1,3.853,2.265,0,8.892,0,0,1
5.063,2.6153,4,0,0,0,6,52.2,0,1,0,0,4.937,0.732,10.592,4,1.029,1.072,0,0,0,1.461,2,1,0,0,2.364,0,1,0,3.063,0,6,0,0,6.953,2.147,0,12.967,0,4,1
5.667,2.218,1,0,0,1,5,48.8,0,2,0,0,4.16,0.865,11.077,4,0.996,1.105,0,0,0,1.296,3,0,1,0,2.501,0,0,0,2.446,0,2,0,0,4.009,2.112,0,9.301,0,1,1
4.97,1.9156,3,1,10,0,6,44.7,0,0,12,0,4.338,1.352,10.948,0,1.017,1.115,0,0,0,1.343,4,0,1,0,2.428,0,0,0,5.193,0,4,10,0,4.328,2.329,5,9.773,0,2,1
5.625,1.6383,0,0,0,4,0,32.6,8,4,2,-0.113,4.387,0.672,11.705,10,0.982,1.142,0,0,0,1.207,2,0,0,0,2.473,0,0,24.794,10.366,4,0,12,0,3.623,2.056,2,9.181,0,0,1
5.382,2.4475,0,0,0,2,5,42.6,6,1,0,0,3.914,1.061,11.174,3,0.975,1.119,0,0,0,1.288,2,0,0,0,2.422,0,0,0,3.24,0,1,0,1,3.838,2.04,0,8.96,0,0,1
5.146,2.3498,1,1,14,0,9,41,1,6,19,-0.376,4.802,1.239,11.385,11,1.029,1.128,0,2,0,1.264,3,1,0,0,2.438,0,1,57.392,4.874,0,8,17,1,6.88,2.695,6,11.716,0,1,1
5.39,1.3671,0,1,14,0,12,54.5,0,5,14,-1.344,4.641,0.551,11.712,20,1.024,1.101,0,0,0,1.299,13,0,0,0,2.561,0,0,52.471,4.905,0,2,8,4,4.05,2.551,4,9.869,0,0,1
5.387,1.036,0,2,22,0,14,54.3,0,6,20,-1.26,4.89,0.48,11.931,24,1.025,1.102,0,0,0,1.303,15,0,0,0,2.551,0,0,52.753,7.43,0,2,12,4,4.046,2.473,6,10.123,0,0,1
5.134,2.8409,1,1,11,0,7,36.7,3,5,16,-0.314,4.617,1.376,11.165,9,1.034,1.138,0,2,0,1.246,2,1,0,0,2.415,0,1,56.246,4.488,0,7,17,1,6.88,2.819,6,11.689,0,1,1
5.512,1.1885,2,0,0,5,4,35.8,6,10,0,0,4.841,0.762,12.034,36,0.998,1.128,0,0,0,1.233,6,0,0,0,2.436,0,0,0,7.977,0,2,0,0,4.002,2.001,0,9.948,0,0,1
4.969,1.686,0,0,5,0,5,43.5,2,1,6,0.117,4.319,1.187,11.056,2,0.984,1.121,0,0,0,1.284,3,0,0,0,2.35,0,0,0,6.456,1,2,6,0,3.787,2.124,3,9.299,0,0,1
5.015,1.7878,0,0,5,0,5,43.5,2,1,6,0.119,4.319,1.187,11.065,3,0.984,1.121,0,0,0,1.285,3,0,0,0,2.361,0,0,0,6.15,1,2,6,0,3.787,2.124,3,9.3,0,0,1
5.421,1.9656,0,0,4,0,9,50,0,5,3,-0.867,4.248,0.803,11.224,17,1.022,1.106,0,0,0,1.262,7,0,0,0,2.558,0,0,25.644,3.388,0,5,2,3,4.016,2.568,1,9.391,0,0,1
5.079,2.755,1,1,14,0,7,39.6,3,3,17,-0.249,4.894,1.383,11.102,5,1.018,1.13,0,1,0,1.316,2,0,0,0,2.4,0,0,33.591,4.456,0,6,16,1,10.695,2.636,6,14.227,0,1,1
5.054,2.4003,2,1,8,0,6,41.5,1,2,14,0,4.74,1.571,10.933,4,1.023,1.124,0,1,0,1.313,2,1,0,0,2.374,0,1,21.723,5.102,0,6,13,0,6.893,2.558,5,12.31,0,2,1
5.054,2.384,2,1,10,0,6,38.5,2,6,12,-0.742,4.858,1.883,11.116,6,1.034,1.128,0,1,0,1.265,2,1,0,0,2.375,0,1,43.927,5.664,0,6,12,0,6.893,2.682,4,12.318,0,2,1
5.097,2.7862,0,1,18,0,7,40,3,3,22,-0.29,4.396,1.585,11.149,5,1.014,1.135,0,1,0,1.259,2,0,0,0,2.409,0,0,33.815,4.64,0,5,17,1,3.948,2.682,7,9.531,0,0,1
5.564,1.5224,0,0,6,0,18,60.7,0,2,5,0.018,4.626,0.48,11.82,8,0.999,1.085,0,0,0,1.351,124,0,0,0,2.682,0,0,27.226,2.175,0,2,4,4,4.26,2.193,2,9.938,0,0,1
5.373,2.5113,2,0,3,1,5,42.6,3,5,3,-2.243,4.368,1.142,11.24,13,1.026,1.119,0,0,0,1.263,2,0,1,0,2.389,0,0,36.516,4.098,0,4,3,2,4.012,2.755,1,9.592,0,2,1
5.245,1.6101,1,1,21,0,14,45.3,0,7,19,-1.707,4.823,0.877,11.671,17,1.023,1.118,0,0,0,1.26,6,0,1,0,2.477,0,0,37.884,7.019,0,9,13,5,4.008,2.531,5,9.997,0,1,1
4.972,2.2256,2,0,8,0,6,42.9,2,2,10,-0.513,4.475,1.456,11.077,3,1.008,1.123,0,0,0,1.293,2,0,1,0,2.352,0,0,12.112,6.291,0,4,8,1,4.051,2.47,4,9.659,0,2,1
5.054,2.3857,2,1,8,0,6,38.5,0,6,14,-0.715,4.693,1.883,11.128,10,1.036,1.13,0,1,0,1.246,2,1,1,0,2.375,0,1,44.822,5.613,0,6,12,0,6.88,2.725,4,11.697,0,2,1
5.195,1.931,0,1,22,0,4,39.7,2,5,25,0,4.613,1.142,11.288,7,1.019,1.135,0,1,0,1.239,3,0,0,0,2.436,0,0,22.085,7.054,0,4,16,3,3.934,2.588,8,9.694,0,0,1
5.509,2.289,1,1,13,1,8,37.5,5,5,16,0,4.451,1.157,11.469,8,1.023,1.136,0,2,0,1.243,4,0,1,0,2.521,0,0,44.833,4.623,2,6,16,1,4.062,2.704,5,9.699,0,1,1
4.994,2.5083,2,2,10,0,3,34,4,1,12,-0.14,4.281,1.619,10.875,1,0.999,1.136,0,0,0,1.282,2,0,0,0,2.371,0,0,11.627,4.313,0,3,13,1,4.285,2.173,6,9.558,0,0,1
5.326,1.542,2,1,17,0,5,39.6,1,6,21,0,4.879,0.666,11.575,10,1.01,1.127,0,0,0,1.256,4,0,1,0,2.437,0,0,23.869,7.131,0,6,13,2,4.718,2.344,6,10.261,0,1,1
5.51,1.9809,0,0,6,1,5,44.1,4,1,11,0.09,4.338,1.219,11.329,2,0.989,1.122,0,0,0,1.297,4,0,0,0,2.523,0,0,12.544,4.717,2,2,11,1,3.868,2.298,4,9.399,0,0,1
5.504,1.9043,0,0,7,1,4,43.9,3,2,10,-0.394,4.344,1.193,11.281,3,0.996,1.122,0,0,0,1.283,4,0,0,0,2.508,0,0,12.106,5.416,2,2,10,1,3.831,2.358,4,9.386,0,0,1
5.195,1.8829,0,1,22,0,4,39.7,2,5,25,0,4.613,1.142,11.288,7,1.019,1.135,0,1,0,1.239,3,0,0,0,2.436,0,0,22.022,7.439,0,4,16,3,3.934,2.588,8,9.694,0,0,1
5.424,1.7784,1,0,21,0,8,46.4,2,2,21,-0.602,4.732,0.876,11.463,8,1.01,1.117,0,0,0,1.297,8,1,0,1,2.562,0,1,26.814,4.045,0,3,8,4,6.88,2.336,6,11.7,0,1,1
5.436,1.8204,0,0,23,0,8,45.9,3,3,22,-1.144,4.549,0.964,11.521,10,1.009,1.121,0,0,0,1.275,8,0,0,1,2.57,0,0,39.496,3.971,0,2,8,4,4.027,2.423,6,9.692,0,0,1
4.953,2.6126,3,0,0,0,6,50,0,2,0,0,4.037,0.732,10.578,6,1.043,1.097,0,0,0,1.322,2,0,1,0,2.346,0,0,0,3.061,0,6,0,1,4.022,2.578,0,9.422,0,3,1
5.711,1.3228,0,0,10,1,6,45.2,0,6,14,-0.31,4.819,0.598,11.792,18,1.009,1.119,0,0,0,1.265,8,0,0,1,2.537,0,0,12.841,6.404,0,2,8,2,4.02,2.233,5,9.904,0,0,1
5.67,1.8902,0,0,5,4,0,33.3,4,2,5,0.132,4.066,0.638,11.479,7,0.979,1.141,0,0,0,1.212,3,0,0,0,2.595,0,0,13.211,2.662,3,0,9,2,3.751,1.91,2,8.823,0,0,1
5.711,1.3861,0,0,5,1,6,45.1,0,7,10,-0.884,4.767,0.656,11.722,21,1.009,1.117,0,0,0,1.254,6,0,0,0,2.533,0,0,25.555,6.292,0,2,5,2,3.862,2.314,3,9.788,0,0,1
4.999,2.5854,1,1,11,0,6,36.2,3,5,15,-0.647,4.425,2.042,11.085,7,1.02,1.139,0,1,0,1.219,2,0,1,0,2.376,0,0,33.954,4.854,0,6,14,1,3.992,2.556,5,9.554,0,1,1
6.272,7.357,1,0,1,7,0,25.8,1,2,1,0,4.374,1.679,12.007,4,1.241,1.312,0,0,1,0.941,0,0,0,0,2.66,0,0,21.224,3.774,0,0,1,1,4.726,5.488,1,9.899,0,15,1
6.247,7.1836,1,0,1,6,0,25,1,2,1,0,4.262,1.585,11.87,4,1.235,1.306,0,0,1,0.946,0,0,0,0,2.643,0,0,21.118,3.384,0,0,1,1,4.726,5.455,1,9.831,0,13,1
6.212,6.9793,1,0,1,5,0,24,1,2,1,0,4.135,1.568,11.712,4,1.226,1.299,0,0,1,0.952,0,0,0,0,2.621,0,0,20.981,2.997,0,0,1,1,4.726,5.413,1,9.759,0,11,1
4.971,2.4061,1,1,11,0,6,40,2,4,15,-0.355,4.387,1.834,11.044,5,1.024,1.132,0,1,0,1.257,2,0,1,0,2.36,0,0,32.554,5.366,0,5,13,0,3.991,2.693,5,9.578,0,1,1
6.221,7.1134,1,0,1,5,0,25.7,3,3,1,0,4.266,1.87,11.781,6,1.161,1.255,0,0,1,0.985,0,0,0,0,2.632,0,0,22.738,3.586,0,0,3,1,4.742,4.947,1,9.809,0,11,1
6.276,7.4639,1,0,1,7,0,26.8,3,3,1,0,4.479,1.939,12.059,6,1.182,1.271,0,0,1,0.969,0,0,0,0,2.665,0,0,22.981,4.348,0,0,3,1,4.742,5.102,1,9.943,0,15,1
6.253,7.2332,1,0,1,6,0,25.7,2,3,1,0,4.352,1.811,11.921,6,1.19,1.275,0,0,1,0.968,0,0,0,0,2.65,0,0,22.412,3.866,0,0,2,1,4.744,5.164,1,9.873,0,13,1
6.276,7.4024,1,0,1,7,0,26.3,2,3,1,0,4.456,1.883,12.051,6,1.199,1.282,0,0,1,0.962,0,0,0,0,2.664,0,0,22.519,4.241,0,0,2,1,4.744,5.222,1,9.938,0,15,1
5.144,2.9674,1,1,12,0,8,38.2,1,6,19,-0.41,4.74,1.696,11.283,11,1.038,1.136,0,2,0,1.254,2,1,0,0,2.435,0,1,56.922,4.61,0,8,18,1,6.88,2.879,7,11.706,0,1,1
6.272,7.3285,1,0,1,7,0,26.5,2,2,1,0,4.399,1.77,12.012,4,1.216,1.297,0,0,1,0.954,0,0,0,0,2.66,0,0,21.687,3.939,0,0,2,1,4.725,5.345,1,9.905,0,15,1
5.777,2.0111,0,0,4,1,8,43,6,5,5,-0.892,4.619,1.368,11.717,17,0.997,1.12,0,0,0,1.263,7,0,0,1,2.678,0,0,26.614,2.563,1,2,9,0,4.099,2.177,2,9.72,2,0,1
5.776,1.9722,0,0,4,1,8,43,6,5,5,-0.966,4.619,1.368,11.717,17,0.997,1.12,0,0,0,1.263,7,0,0,1,2.677,0,0,26.41,2.575,1,2,9,0,4.098,2.177,2,9.72,2,0,1
5.505,1.6805,1,2,18,0,8,42.9,1,5,19,-0.479,4.618,1.387,11.469,11,1.017,1.121,0,0,0,1.27,5,0,0,0,2.474,0,0,36.847,6.694,0,6,14,1,4.728,2.511,5,10.111,0,0,1
5.489,1.8842,0,0,4,4,8,36.4,12,8,0,-2.666,4.768,0.935,11.945,16,0.995,1.134,0,0,0,1.219,2,0,0,0,2.466,0,0,49.078,13.145,0,2,4,4,3.868,2.42,2,9.749,0,0,1
5.155,2.1972,1,1,14,0,8,40.8,0,5,17,0,4.65,1.584,11.175,9,1.032,1.128,0,2,0,1.268,4,1,0,0,2.44,0,1,44.822,4.864,0,6,13,1,6.88,2.664,5,11.695,0,1,1
5.759,1.5833,0,0,5,2,4,40.7,5,2,5,0.412,4.438,1.122,11.591,4,0.978,1.124,0,0,0,1.268,7,0,0,0,2.588,0,0,24.735,4.78,1,0,3,0,3.815,2.005,1,9.369,0,0,1
5.077,2.5036,1,1,16,0,7,39.3,3,4,17,-0.304,4.646,1.844,11.137,5,1.016,1.131,0,1,0,1.269,2,1,0,0,2.394,0,1,33.067,5.46,0,5,13,0,6.88,2.581,5,11.683,0,1,1
5.096,2.5566,0,1,20,0,7,40.4,3,4,20,-0.322,4.424,1.857,11.156,5,1.015,1.133,0,1,0,1.256,2,0,0,0,2.404,0,0,33.127,5.491,0,4,14,0,3.947,2.677,6,9.549,0,0,1
5.054,1.8954,2,1,10,0,8,45,0,4,16,0,4.449,0.904,11.118,8,1.05,1.122,0,2,0,1.278,3,0,1,1,2.373,0,0,42.968,5.875,0,8,14,1,4.09,2.83,5,9.794,0,2,1
5.179,2.8049,1,1,14,0,7,38.6,3,2,20,0,4.4,1.575,11.237,2,1.003,1.131,0,0,0,1.281,2,0,0,0,2.403,0,0,23.83,4.339,0,4,15,1,4.687,2.519,6,9.949,0,0,1
5.058,2.4883,2,1,12,0,7,36.8,1,8,13,-1.627,4.573,2.045,11.22,12,1.044,1.135,0,1,0,1.216,2,0,1,0,2.385,0,0,44.322,5.624,0,6,12,0,4.091,2.778,4,9.782,0,2,1
4.942,2.4413,1,0,1,0,3,46.7,1,0,1,0,3.78,1.125,10.363,0,0.987,1.112,0,0,0,1.317,2,0,1,0,2.347,0,0,0,2.491,0,1,2,0,3.925,2.049,1,8.946,0,1,1
4.965,2.4241,1,0,1,0,3,46.7,1,0,1,0,3.78,1.125,10.38,0,0.987,1.112,0,0,0,1.316,2,0,1,0,2.35,0,0,0,2.527,0,1,2,0,3.935,2.049,1,8.948,0,1,1
5.359,1.9457,0,1,22,0,5,42.9,1,4,20,-0.524,4.535,1.543,11.401,8,1.012,1.127,0,0,0,1.258,7,0,0,0,2.528,0,0,26.366,4.801,0,2,13,2,3.987,2.419,6,9.62,0,0,1
5.195,2.2895,2,2,28,0,8,37,1,6,29,0,4.781,1.61,11.504,8,1.031,1.14,0,1,0,1.238,3,0,1,0,2.442,0,0,22.143,6.341,0,9,21,2,4.093,2.554,9,9.985,0,2,1
5.359,1.5484,2,2,15,0,9,52.1,1,3,16,0.086,4.613,0.583,11.577,11,1.032,1.106,1,0,0,1.307,12,0,1,0,2.553,0,0,39.253,4.861,0,4,16,1,4.095,2.506,5,9.908,0,2,1
5.03,1.9212,2,1,10,0,8,41.1,1,5,15,-0.348,4.581,0.993,11.24,8,1.031,1.128,0,1,0,1.254,3,0,1,0,2.387,0,0,33.433,6.141,0,8,14,3,4.008,2.659,5,9.806,0,2,1
5.079,2.7307,1,1,14,0,7,38.9,3,3,19,-0.25,4.624,1.575,11.129,5,1.014,1.133,0,1,0,1.273,2,1,0,0,2.401,0,1,33.749,4.611,0,6,16,1,6.88,2.583,6,11.681,0,1,1
5.044,2.5529,1,1,12,0,7,42.2,4,0,14,0,4.42,1.257,10.907,0,0.991,1.124,0,0,0,1.316,2,1,0,0,2.376,0,1,0,4.406,0,4,11,0,6.88,2.163,4,11.65,0,1,1
5.178,2.7891,2,1,11,0,7,38,3,2,15,0,4.587,1.361,11.194,2,1.008,1.128,0,0,0,1.297,2,1,0,0,2.397,0,1,23.584,4.16,0,5,14,1,6.88,2.476,5,11.737,0,1,1
5.179,2.7617,2,1,11,0,7,37.5,3,2,17,0,4.627,1.555,11.22,2,1.003,1.129,0,0,0,1.296,2,1,0,0,2.398,0,1,23.808,4.243,0,5,14,1,6.88,2.411,5,11.739,0,1,1
5.243,1.974,0,1,15,0,9,46.9,0,6,17,-0.591,4.507,0.832,11.335,14,1.039,1.119,0,2,0,1.264,5,0,0,0,2.473,0,0,57.515,4.86,0,6,13,2,4.006,2.828,5,9.756,0,0,1
5.194,2.073,1,2,23,0,4,39.1,1,2,29,0,4.58,1.707,11.215,2,1.006,1.135,0,0,0,1.259,3,0,1,0,2.435,0,0,0,5.735,0,5,19,2,3.973,2.253,8,9.663,0,1,1
5.145,1.9636,4,0,6,0,8,53.3,0,2,6,-0.093,4.938,0.691,11.221,6,1.047,1.085,0,0,0,1.392,6,1,1,0,2.559,0,1,25.464,2.876,0,6,8,2,6.893,2.473,2,12.704,0,4,1
5.311,4.53,2,0,11,0,0,29.3,0,8,13,-0.899,4.698,3.739,11.171,19,1.003,1.144,0,0,0,1.213,0,0,0,0,2.26,0,0,57.953,11.144,0,0,6,3,4.032,2.467,6,9.696,0,0,1
5.287,2.1711,1,1,14,0,5,43.6,2,5,15,-1.821,4.549,1.247,11.373,15,1.028,1.124,0,1,0,1.266,3,0,1,0,2.465,0,0,48.612,5.247,0,3,12,1,3.96,2.784,5,9.771,0,1,1
5.017,2.0881,0,2,16,0,8,43.8,1,3,17,0,4.255,0.845,11.005,6,1.01,1.124,0,0,0,1.254,3,0,0,0,2.376,0,0,0,5.044,0,7,12,1,3.851,2.298,4,9.326,0,0,1
5.244,1.9451,0,1,15,0,9,46.3,1,5,15,-0.572,4.479,0.946,11.3,12,1.021,1.118,0,1,0,1.267,5,0,0,0,2.474,0,0,35.706,4.924,0,6,11,2,3.996,2.564,4,9.653,0,0,1
4.659,1.8785,1,0,1,0,2,46.7,0,0,2,0,3.776,0.5,10.219,0,0.987,1.112,0,0,0,1.318,2,0,1,0,2.228,0,0,0,4.24,0,1,3,0,3.874,2.038,1,8.91,0,1,1
5.419,3.9864,3,0,0,0,0,21.6,0,2,0,0,3.613,1.547,10.88,0,0.962,1.124,0,0,0,1.494,0,0,0,0,2.327,0.003,0,0,2.848,0,0,0,0,4.268,1.929,0,9.382,0,0,1
5.035,2.0059,0,2,9,0,4,43.9,3,1,13,0.467,4.058,0.636,10.928,2,0.998,1.125,0,0,0,1.29,3,0,0,0,2.445,0,0,12.534,4.22,0,2,14,0,3.828,2.232,4,9.147,0,0,1
5.262,3.6393,1,0,0,0,0,29.3,3,0,0,0,4.413,2.217,10.2,0,0.969,1.142,0,0,0,1.358,0,0,0,0,2.25,-0.002,0,0,2.369,0,0,0,0,10.347,1.994,0,14.021,0,1,1
5.363,2.984,1,0,0,0,2,34.5,3,3,0,-0.304,4.656,2.415,10.811,10,0.981,1.126,0,0,0,1.33,1,0,0,0,2.374,0,0,12.641,3.349,0,1,0,1,10.323,2.148,0,14.01,0,0,1
4.496,3.219,1,0,0,0,0,30,3,0,0,0,4.373,2.237,9.519,0,0.957,1.131,0,0,0,1.421,0,0,0,0,2.101,0.003,0,0,2.551,0,0,0,0,10.214,1.542,0,13.944,0,0,1
5.136,1.9579,1,0,0,0,3,52.9,0,0,0,0,5.331,0,10.547,0,0.97,1.081,0,0,0,1.485,3,0,0,0,2.394,0,0,0,1.935,0,0,0,0,17.583,1.869,0,17.202,0,0,1
5.351,4.9439,1,0,0,0,0,31.4,3,4,0,-1.556,4.608,2.416,10.608,7,0.988,1.132,0,0,0,1.304,0,0,0,0,2.329,0,0,22.441,3.415,0,0,0,1,10.323,2.416,0,14.009,0,0,1
5.262,3.6239,2,0,0,0,0,29.3,3,0,0,0,4.458,2.217,10.2,0,0.964,1.132,0,0,0,1.41,0,0,1,0,2.25,-0.002,0,0,2.369,0,0,0,0,10.372,1.716,0,14.036,0,1,1
5.665,2.0612,1,0,0,0,3,51.4,0,0,0,0,4.64,0.432,10.89,0,0.983,1.095,0,0,0,1.44,3,0,0,0,2.49,0,0,0,1.839,0,0,0,0,10.355,2.171,0,14.029,0,1,1
5.509,5.4486,2,0,0,0,0,29.6,6,1,0,0,5.083,2.383,10.95,6,0.961,1.132,0,0,0,1.397,0,0,0,0,2.414,0,0,0,3.022,0,0,0,0,10.428,1.604,0,14.7,0,0,1
5.362,6.0636,2,0,0,0,0,31,7,4,0,-0.102,5.274,2.922,11.309,12,0.971,1.134,0,0,0,1.322,0,0,0,0,2.369,0,0,27.83,5.33,0,0,0,0,10.325,1.893,0,14.702,0,0,1
4.772,4.0774,8,0,0,0,0,32.3,2,0,0,0,4.568,2.978,10.831,0,1.002,1.133,0,0,0,1.288,0,0,1,0,2.213,0,0,0,7.849,0,0,0,0,3.862,2.234,0,9.873,0,8,1
5.303,3.3751,2,0,0,0,0,22.2,0,1,0,0,3.231,1.224,10.445,0,0.957,1.126,0,0,0,1.492,0,0,0,0,2.236,0.034,0,0,2.129,0,0,0,0,4.186,1.877,0,8.974,0,0,1
4.926,4.2045,7,0,0,0,0,31.6,2,0,0,0,4.292,2.458,10.51,0,1.02,1.132,0,0,0,1.296,0,0,1,0,2.254,0,0,0,4.839,0,0,0,0,3.951,2.436,0,9.675,0,7,1
6.342,8.0833,0,0,0,16,0,31.6,2,1,0,0,4.976,2.028,12.713,1,1.264,1.339,0,0,1,0.908,0,0,0,0,2.709,0,0,0,7.102,0,0,0,1,4.016,5.635,0,9.98,0,33,1
3,2.5945,1,0,0,0,0,0,0,2,0,0,2.466,0.918,6.594,0,1.128,1.139,0,0,0,1.25,0,0,0,0,1.414,1.049,0,8.458,1.333,0,0,0,1,3.928,4.87,0,8.211,0,0,1
5.011,3.9013,0,0,2,0,0,30.8,6,1,1,0,3.825,2.868,10.404,1,0.969,1.145,0,0,0,1.191,0,0,0,0,2.277,0,0,0,6.168,0,0,1,2,3.34,1.788,1,8.232,0,0,1
3.732,2.3391,0,0,0,0,0,30,2,0,0,0,2.511,1.585,8.16,0,0.959,1.145,0,0,0,1.196,0,0,0,0,1.802,-0.181,0,0,2.488,0,0,0,0,2.846,1.667,0,6.557,0,0,1
3.879,2.6639,0,0,0,0,0,33.3,1,0,0,0,2.948,2.281,8.743,0,0.961,1.138,0,0,0,1.236,0,0,0,0,1.902,0.038,0,0,3.685,0,0,0,0,3.012,1.778,0,7.242,0,0,1
3.618,2.2679,1,0,0,0,0,28.6,2,0,0,0,2.718,1.522,7.853,0,0.982,1.144,0,0,0,1.211,0,0,1,0,1.732,0.324,0,0,2.094,0,0,0,0,3.541,2.122,0,7.72,0,1,1
3.973,3.0125,0,0,1,0,0,32.1,2,0,1,0,3.673,3.301,9.649,0,0.964,1.142,0,0,0,1.208,0,0,0,0,1.975,0,0,0,7.718,0,0,1,2,3.129,1.711,1,7.971,0,0,1
4.861,2.8881,0,0,0,0,2,55.6,0,0,0,0,3.258,0,9.863,0,0.974,1.092,0,0,0,1.362,3,0,0,0,2.303,-0.007,0,0,1.047,0,0,0,0,3.826,1.933,0,8.373,0,0,1
4.963,2.6199,0,0,0,0,3,48.1,2,0,0,0,3.476,0.985,10.277,0,0.97,1.108,0,0,0,1.336,3,0,0,0,2.359,0.001,0,0,1.762,0,0,0,0,3.863,1.872,0,8.555,0,0,1
4.881,2.4752,0,0,0,0,3,52,1,0,0,0,3.482,0.569,10.136,0,0.972,1.1,0,0,0,1.337,2,0,0,0,2.305,0.001,0,0,2.2,0,0,0,0,3.743,1.923,0,8.517,0,0,1
4.562,3.4215,4,0,0,0,0,25,2,0,0,0,3.464,0.918,9.184,0,1.118,1.128,0,0,0,1.335,0,0,0,0,2,-0.242,0,0,1.521,0,0,0,0,4.106,3.185,0,9.031,0,4,1
4.814,3.8287,5,0,0,0,0,27.3,2,0,0,0,3.712,1.299,9.643,0,1.105,1.126,0,0,0,1.352,0,0,1,0,2.136,-0.082,0,0,1.866,0,0,0,0,4.101,3.069,0,9.268,0,5,1
5.382,3.7325,2,0,0,0,2,30,0,6,0,0,3.834,1.197,10.84,12,1.088,1.117,0,0,0,1.216,1,0,0,0,2.381,0.001,0,42.365,2.219,0,2,0,2,4.772,3.798,0,10.09,0,0,1
5.323,3.508,1,0,0,0,2,36.8,0,5,0,-1.245,3.661,1.23,10.549,10,1.072,1.116,0,0,0,1.206,1,0,0,0,2.345,-0.002,0,31.544,2.11,0,1,0,2,4.735,3.609,0,9.587,0,0,1
5.433,2.9626,1,0,0,0,5,40,4,3,0,0,3.993,1.157,11.048,6,0.997,1.118,0,0,0,1.285,3,0,0,0,2.494,0,0,23.129,1.763,0,1,0,1,4.744,2.496,0,9.751,0,0,1
5.318,3.5211,1,0,1,0,2,33.3,0,3,2,0,3.501,1.16,10.388,6,1.045,1.127,0,0,0,1.23,1,0,0,0,2.318,-0.008,0,20.97,1.782,0,2,2,3,4.735,3.295,1,9.51,0,0,1
5.313,3.4317,1,0,1,0,2,33.3,0,3,2,0,3.501,1.16,10.388,6,1.045,1.127,0,0,0,1.23,1,0,0,0,2.311,-0.008,0,20.918,1.833,0,2,2,3,4.735,3.295,1,9.51,0,0,1
5.332,2.0398,2,0,0,0,5,35.8,1,7,0,0,4.481,2.47,11.31,16,1.007,1.125,0,0,0,1.236,2,0,0,0,2.393,0,0,45.704,6.897,0,4,0,2,4.742,2.611,0,10.274,0,0,1
5.431,3.1366,1,0,3,0,4,41.7,0,3,3,0,3.784,1.029,10.764,6,1.029,1.113,0,0,0,1.273,3,0,0,0,2.457,0,0,22.198,1.681,0,2,2,3,4.744,2.906,1,9.675,0,0,1
5.313,3.1945,1,0,1,0,2,34.8,1,4,2,-0.246,3.704,1.475,10.558,7,1.044,1.127,0,0,0,1.229,1,0,0,0,2.327,0.001,0,31.885,2.668,0,2,3,2,4.735,3.244,1,9.593,0,0,1
4.732,3.1701,1,0,0,0,1,40,0,2,0,0,3.305,1.187,9.642,4,1.025,1.106,0,0,0,1.278,1,0,0,0,2.194,-0.026,0,10.312,1.659,0,1,0,1,4.308,2.877,0,8.99,0,0,1
5.33,2.5243,1,0,0,0,4,41.2,1,3,0,0,3.907,1.529,10.805,6,1.004,1.114,0,0,0,1.285,3,0,0,0,2.414,0,0,22.178,2.758,0,1,0,1,4.737,2.56,0,9.694,0,0,1
5.323,3.6836,1,0,1,0,2,33.3,0,5,2,0,3.687,1.23,10.549,10,1.088,1.128,0,1,0,1.21,1,0,0,0,2.345,-0.003,0,41.5,2.11,0,2,2,1,4.736,3.712,1,9.651,0,0,1
5.315,3.5096,1,0,1,0,2,33.3,0,5,2,0,3.687,1.23,10.548,10,1.088,1.128,0,1,0,1.21,1,0,0,0,2.334,-0.003,0,41.31,2.215,0,2,2,1,4.735,3.712,1,9.651,0,0,1
5.423,2.9683,4,0,2,0,8,35.3,0,6,4,0,4.386,1.016,11.356,12,1.07,1.119,0,0,0,1.262,2,0,1,0,2.477,0,0,45.487,3.03,0,6,4,6,4.751,3.308,2,10.384,0,2,1
5.097,4.293,1,0,0,0,0,23.1,0,3,0,0,3.111,1.379,9.823,3,1.055,1.138,0,0,0,1.199,0,0,0,0,2.101,0.153,0,19.431,1.934,0,0,0,1,4.694,3.917,0,9.321,0,0,1
3.414,2.8258,0,0,0,0,0,40,2,0,0,0,2.27,1,7.408,0,0.965,1.125,0,0,0,1.316,0,0,0,0,1.618,-0.578,0,0,1.707,0,0,0,0,3.267,2.25,0,7.118,0,0,1
4.543,2.086,0,0,0,0,1,42.9,0,2,0,0,3.307,0,9.765,3,1.003,1.119,0,0,0,1.21,2,0,0,0,2.266,0.004,0,0,2.905,0,1,0,0,3.584,2.091,0,8.271,0,0,1
4.233,2.0628,0,0,0,0,0,33.3,0,2,0,0,2.946,2.25,9.096,2,1.004,1.139,0,0,0,1.136,1,0,0,0,2.235,0.044,0,0,2.999,0,0,0,0,3.341,2.229,0,7.712,0,0,1
5.262,3.9843,0,0,0,1,0,29.4,3,2,0,-0.757,2.812,0.863,10.026,6,1.004,1.147,0,0,0,1.158,0,0,0,0,2.175,0.138,0,10.021,1.435,0,0,0,1,3.525,3.131,0,7.703,0,0,1
5.086,3.5761,0,0,0,1,0,27.8,3,1,0,0,2.579,0.918,9.771,0,0.979,1.15,0,0,0,1.154,0,0,0,0,2.074,-0.212,0,0,1.372,0,0,0,0,3.29,2.125,0,7.207,0,0,1
5.216,1.6392,0,0,0,1,1,43.1,4,3,0,1.132,4.111,1.022,11.075,9,0.99,1.118,0,0,0,1.279,3,0,0,0,2.611,0,0,12.402,5.665,2,0,0,0,3.783,2.13,0,9.194,0,0,1
3.732,2.4187,2,0,0,0,0,28.6,2,0,0,0,4.115,1.585,8.16,0,0.991,1.126,0,0,0,1.394,0,1,0,0,1.802,-0.193,1,0,2.488,0,0,0,0,6.868,1.917,0,12.254,0,2,1
4.303,2.9558,3,0,0,0,0,27.3,2,0,0,0,4.193,1.459,8.815,0,1.029,1.117,0,0,0,1.434,0,1,1,0,1.932,-0.208,0,0,1.745,0,0,0,0,6.906,2.324,0,12.264,0,3,1
5.096,3.8119,3,0,1,0,4,42.9,0,2,2,0,3.814,1.124,10.278,4,1.107,1.113,0,1,0,1.321,1,0,1,0,2.358,0.005,0,20.695,1.482,0,4,2,0,4.148,3.25,1,9.346,0,3,1
5.294,4.147,5,0,1,0,6,42.9,0,2,2,0,4.083,1.044,10.589,4,1.153,1.105,0,1,0,1.338,1,0,1,0,2.447,0.001,0,21.069,1.398,0,6,2,0,4.314,3.325,1,9.689,0,5,1
4.77,3.3736,1,0,1,0,2,42.9,0,2,2,0,3.445,1.185,9.882,4,1.061,1.121,0,1,0,1.273,1,0,1,0,2.236,0.015,0,20.149,1.74,0,2,2,0,3.925,3.144,1,8.823,0,1,1
4.796,3.4608,1,0,1,0,2,42.9,0,2,2,0,3.445,1.185,9.882,4,1.061,1.121,0,1,0,1.273,1,0,1,0,2.243,0.015,0,20.2,1.686,0,2,2,0,3.939,3.144,1,8.823,0,1,1
4.842,3.4662,0,0,2,0,2,37.5,0,4,4,0,3.513,1.258,10.136,8,1.087,1.141,0,2,0,1.204,1,0,0,0,2.278,0.005,0,40.471,2.113,0,2,4,0,3.895,3.611,2,8.853,0,0,1
5.182,3.6158,0,0,0,1,0,26.1,3,3,0,0,3.01,1.837,9.966,4,1.007,1.154,0,0,0,1.096,0,0,0,0,2.175,0.045,0,0,2.244,0,0,0,3,3.309,3.028,0,7.499,0,0,1
3.879,2.9279,0,0,0,0,0,26.1,2,3,0,0,2.995,2.281,8.743,4,1.007,1.154,0,0,0,1.083,0,0,0,0,1.902,0.045,0,0,3.685,0,0,0,2,3.013,2.722,0,7.236,0,0,1
4.303,3.4853,0,0,0,0,0,26.7,2,1,1,0.773,2.639,1.459,8.815,2,0.998,1.158,0,0,0,1.131,0,0,0,0,1.932,-0.233,0,0,1.745,0,0,2,1,3.342,2.694,1,7.331,0,0,1
4.616,2.9658,0,0,1,0,2,38.1,1,1,2,0,3.191,1.461,9.69,2,0.993,1.133,0,0,0,1.23,1,0,0,0,2.203,0.014,0,0,2.063,0,2,2,2,3.643,2.233,1,8.085,0,0,1
4.596,3.2212,0,0,1,0,2,40,0,1,2,0,3.011,0.875,9.54,2,1.005,1.13,0,0,0,1.239,1,0,0,0,2.175,0.046,0,0,1.069,0,2,2,3,3.645,2.667,1,7.986,0,0,1
4.749,2.2633,0,0,2,0,4,43.8,0,2,4,0,3.74,0.967,10.386,4,0.998,1.119,0,0,0,1.253,2,0,0,1,2.288,0,0,0,3.453,0,4,4,1,3.713,2.127,1,8.724,0,0,1
4.732,3.2862,0,0,1,0,2,40,0,1,2,0,3.011,0.875,9.579,2,1.005,1.13,0,0,0,1.234,1,0,0,0,2.194,0.046,0,0,0.854,0,2,2,3,3.663,2.667,1,7.991,0,0,1
5.012,2.6027,0,0,4,0,6,41.2,0,2,4,0,3.799,1.066,10.634,4,1.001,1.127,0,0,0,1.239,2,0,0,0,2.382,0,0,0,2.695,0,4,4,4,3.832,2.278,2,8.843,0,0,1
4.97,3.3487,0,0,1,0,4,39.1,3,0,4,0,3.181,0.861,10.06,0,0.974,1.13,0,0,0,1.286,1,0,0,0,2.307,0.013,0,0,0.962,0,1,2,2,3.768,2.067,1,8.225,0,0,1
4.807,3.2135,0,0,2,0,3,40,2,0,2,0,3.087,0.881,9.833,0,0.976,1.129,0,0,0,1.287,1,0,0,0,2.246,-0.024,0,0,1.06,0,1,2,2,3.703,2.111,1,8.099,0,0,1
4.807,3.2141,0,0,1,0,3,40,2,0,3,0,3.087,0.881,9.833,0,0.976,1.129,0,0,0,1.286,1,0,0,0,2.246,-0.024,0,0,1.06,0,1,2,2,3.704,2.111,1,8.099,0,0,1
5.06,3.7464,0,0,4,0,3,35,0,3,4,0,3.45,1.258,10.174,6,1.042,1.144,0,1,0,1.197,1,0,0,0,2.338,0.005,0,20.806,1.539,0,3,4,2,3.891,3.042,2,8.641,0,0,1
4.807,3.2802,1,0,2,0,3,41.2,1,0,2,0,3.286,0.881,9.833,0,0.998,1.124,0,0,0,1.31,1,0,1,0,2.246,-0.025,0,0,1.06,0,2,2,2,3.92,2.346,1,8.552,0,1,1
4.807,3.2799,1,0,1,0,3,41.2,1,0,3,0,3.286,0.881,9.833,0,0.998,1.124,0,0,0,1.31,1,0,1,0,2.246,-0.025,0,0,1.06,0,2,2,2,3.901,2.346,1,8.552,0,1,1
4.97,3.4086,1,0,1,0,4,40,2,0,3,0,3.364,0.861,10.06,0,0.992,1.126,0,0,0,1.306,1,0,1,0,2.307,0.013,0,0,0.962,0,2,2,2,3.955,2.278,1,8.634,0,1,1
3,1.6827,1,0,0,0,0,22.2,2,0,0,0,2.323,0.918,6.594,0,0.97,1.13,0,0,0,1.359,0,0,0,0,1.414,0.716,0,0,1.333,0,0,0,0,3.336,2.241,0,7.245,0,0,1
4.982,2.3071,0,0,0,0,0,38.1,0,3,0,-0.584,3.314,0.762,10.226,8,1.019,1.129,0,0,0,1.18,3,0,0,0,2.424,0.004,0,21.952,1.027,2,0,0,0,3.679,2.682,0,8.212,0,0,1
4.724,1.7287,0,0,0,0,0,33.8,1,3,0,-0.641,4.003,3.711,10.425,6,0.979,1.137,0,0,0,1.202,1,0,0,0,2.31,0,0,22.326,9.474,1,0,0,0,3.62,2.047,0,8.585,0,0,1
4.732,2.8807,0,0,0,0,0,28.6,3,3,0,0,3.051,0.881,9.803,3,1.014,1.149,0,0,0,1.129,1,0,0,0,2.236,-0.026,0,0,0.95,0,0,0,0,3.423,2.278,0,7.695,0,0,1
5.046,2.457,2,0,3,0,3,47.6,1,1,6,0.053,3.85,0.648,10.6,2,1.021,1.089,0,0,0,1.38,6,0,0,0,2.457,0,0,11.192,1.61,0,0,6,0,4.262,2.311,2,9.316,0,0,1
5.104,2.3629,2,0,4,1,2,37.9,3,0,2,0,3.795,1.506,10.63,0,0.988,1.115,0,0,0,1.363,3,0,0,0,2.385,0,0,0,3.179,0,0,6,1,4.342,1.961,2,9.293,0,0,1
5.188,2.3952,4,0,2,1,0,37.5,0,2,2,-0.508,4.04,1.274,10.841,6,1.051,1.114,0,0,0,1.302,3,0,0,0,2.497,0,0,23.805,2.276,2,0,3,0,4.37,2.776,1,9.494,0,3,1
5.236,3.6107,3,0,0,0,0,25,0,3,3,-3.485,3.81,0.799,10.434,6,1.188,1.163,0,0,0,1.189,1,0,0,0,2.414,0.005,0,32.257,0.873,0,0,0,0,4.068,3.694,3,9.247,0,3,1
5.054,2.5956,0,0,1,0,1,50,0,2,2,-0.563,3.529,0.7,10.291,6,1.02,1.108,0,0,0,1.278,2,0,0,0,2.392,0.001,0,22.407,2.034,0,1,4,0,3.792,2.692,1,8.614,0,0,1
3.618,2.5776,0,0,0,0,0,26.7,2,1,0,0,2.386,1.522,7.853,0,0.983,1.152,0,0,0,1.109,0,0,0,0,1.732,0.358,0,0,2.094,0,0,0,0,2.908,2.1,0,6.541,0,0,1
5.04,3.0864,0,0,0,0,2,40,4,0,0,0,3.326,1.258,10.159,0,0.965,1.125,0,0,0,1.284,1,0,0,0,2.323,0.004,0,0,1.711,0,0,0,0,3.694,1.833,0,8.212,0,0,1
4.796,2.9551,0,0,0,0,2,41.7,3,0,0,0,3.164,1.185,9.882,0,0.966,1.121,0,0,0,1.297,1,0,0,0,2.243,0.012,0,0,1.686,0,0,0,0,3.651,1.867,0,8.083,0,0,1
4.842,2.8556,0,0,0,0,2,40,4,0,0,0,3.326,1.258,10.136,0,0.965,1.125,0,0,0,1.287,1,0,0,0,2.278,0.004,0,0,2.113,0,0,0,0,3.667,1.833,0,8.209,0,0,1
5.335,2.9137,0,0,0,0,5,42.2,6,0,0,0,3.806,1.169,10.83,0,0.966,1.12,0,0,0,1.312,3,0,0,0,2.499,0,0,0,1.32,0,0,0,0,3.961,1.807,0,8.848,0,0,1
5.234,2.7893,0,0,0,0,4,44.4,4,0,0,0,3.655,1.125,10.598,0,0.968,1.115,0,0,0,1.322,3,0,0,0,2.448,0,0,0,1.432,0,0,0,0,3.923,1.833,0,8.714,0,0,1
5.074,1.9471,0,0,0,0,5,48,3,0,0,0,4.062,0.566,10.878,0,0.97,1.108,0,0,0,1.324,3,0,0,0,2.39,0,0,0,3.274,0,0,0,0,3.76,1.854,0,9.067,0,0,1
4.828,2.964,0,0,0,0,2,41.7,2,0,0,0,3.157,1.261,9.749,0,0.966,1.121,0,0,0,1.282,1,0,0,0,2.247,0.012,0,0,1.436,0,0,0,0,3.642,1.833,0,8.019,0,0,1
5.475,3.5736,6,0,0,1,0,45.5,0,0,0,0.279,3.996,0.791,10.654,0,1.145,1.083,0,0,0,1.392,1,0,1,0,2.495,-0.008,0,0,0.886,0,0,0,0,4.378,2.962,0,9.643,0,6,1
3.802,2.9832,2,0,0,0,0,33.3,0,0,2,0,3.24,1.95,8.394,0,1.04,1.093,0,0,0,1.435,0,0,0,0,1.848,0.15,0,0,2.885,0,0,0,0,3.937,3.167,2,8.721,0,0,1
5.122,3.353,0,0,0,0,3,35.5,6,6,0,-1.682,4.483,2.747,11.156,21,0.987,1.134,0,0,0,1.202,1,0,0,0,2.404,0,0,39.201,4.596,0,0,0,0,3.853,2.205,0,9.257,3,0,1
5.319,1.997,0,0,0,0,5,48.7,1,2,0,-0.071,3.961,1.447,10.855,8,0.99,1.107,0,0,0,1.292,6,0,0,0,2.511,0,0,25.056,2.884,0,0,0,0,3.954,2.27,0,9.025,0,0,1
4.38,3.0711,0,0,0,0,0,32.3,2,3,0,-0.168,4.236,3.991,10.364,3,0.973,1.141,0,0,0,1.187,0,0,0,0,2.046,0,0,11.299,13.225,0,0,0,1,3.366,1.884,0,8.605,0,0,1
5.535,2.5775,4,0,0,1,8,40.4,4,4,0,0,5.086,1.53,11.221,4,1.018,1.11,0,0,0,1.335,2,1,0,0,2.483,0,1,0,3.892,0,6,0,2,6.896,2.318,0,12.974,0,4,1
4.733,1.627,1,0,0,0,0,32.1,1,3,0,0,4.184,2.513,10.593,11,0.975,1.138,0,0,0,1.207,2,0,0,0,2.259,0,0,0,7.746,0,0,0,0,3.958,1.698,0,8.952,0,0,1
5.372,5.7738,4,0,0,0,0,30.4,6,4,0,-0.492,5.447,2.732,11.289,10,0.979,1.129,0,0,0,1.375,0,1,0,0,2.385,0,0,26.877,6.167,0,0,0,0,10.325,2.009,0,14.784,0,2,1
4.815,1.6364,1,0,0,0,6,38.1,3,3,0,0,4.735,2.335,11.225,12,0.974,1.126,0,0,0,1.261,3,0,0,0,2.323,0,0,0,5.947,0,3,0,0,4.028,1.787,0,9.633,0,0,1
5.262,4.9031,1,0,0,0,0,31,0,4,0,0,3.624,2.217,10.2,12,1.012,1.134,0,0,0,1.222,0,0,0,0,2.25,-0.002,0,11.68,2.369,0,0,0,0,4.416,2.7,0,9.147,0,0,1
5.262,4.5796,1,0,0,0,0,27.3,3,4,0,0,3.72,2.498,10.298,12,0.992,1.145,0,0,0,1.176,0,0,0,0,2.255,0,0,12.171,2.904,0,0,0,0,4.415,2.224,0,9.106,0,0,1
5.331,2.1652,1,0,0,0,4,46.3,1,4,0,0,4.167,0.49,10.943,15,1.006,1.105,0,0,0,1.299,3,0,0,0,2.375,0,0,13.14,2.938,0,3,0,0,4.441,2.291,0,9.605,0,0,1
5.303,5.3469,6,0,0,0,0,25.4,8,9,0,0,4.573,2.85,11.179,18,1.031,1.143,0,0,0,1.196,0,0,1,0,2.307,0,0,25.357,7.651,0,0,0,0,4.43,2.642,0,10.138,0,4,1
5.529,4.9511,0,0,0,2,0,25,2,1,0,0,3.329,1.157,10.626,0,1.245,1.326,0,0,2,0.862,0,0,0,0,2.334,-0.034,0,0,1.917,0,0,0,1,3.675,5.783,0,8.225,0,6,1
5.946,6.2518,0,0,0,3,0,31.3,1,1,0,-7.119,3.813,1.549,11.152,1,1.305,1.355,0,0,1,0.896,0,0,0,0,2.482,-0.001,0,0,2.984,0,0,0,0,3.828,5.661,0,8.806,0,10,1
4.675,4.241,0,0,0,0,0,26.5,3,3,3,0,3.363,1.776,10.007,0,0.998,1.155,0,0,0,1.133,0,0,0,0,2.175,0.004,0,0,2.211,0,0,3,3,3.297,2.654,1,7.895,0,0,1
4.5,3.8779,0,0,3,0,0,31.6,3,0,3,0,3.929,3.122,10.115,0,0.963,1.143,0,0,0,1.202,0,0,0,0,2.12,0,0,0,4.698,0,0,3,0,3.177,1.58,1,8.198,0,0,1
4.236,2.9523,0,0,1,0,0,31.3,1,0,1,0,3.757,3.309,9.914,0,0.963,1.144,0,0,0,1.207,0,0,0,0,1.994,0,0,0,8.475,0,0,1,0,3.088,1.595,1,8.041,0,0,1
4.691,4.9922,0,0,4,0,0,27.8,0,8,0,-4.91,3.897,2.122,10.467,0,1.056,1.155,0,0,0,1.112,0,0,0,0,2.211,0,0,42.22,3.997,0,0,6,4,3.478,3.583,2,8.786,0,0,1
4.303,3.3428,0,0,0,0,0,26.1,2,3,0,0,3.01,1.837,9.389,2,1.007,1.154,0,0,0,1.104,0,0,0,0,2,0.046,0,0,3.193,0,0,0,2,3.166,2.796,0,7.47,0,0,1
2,1.1249,1,0,0,0,0,20,1,0,0,0,2.196,0,4.174,0,1.018,1.155,0,0,0,1.119,0,0,0,0,1,-0.981,0,0,1,0,0,0,0,3.446,3.056,0,7.424,0,1,1
2,1.0821,1,0,0,0,0,20,1,0,0,0,3.354,0,4.174,0,0.999,1.134,0,0,0,1.367,0,1,0,0,1,-0.875,0,0,1,0,0,0,0,6.859,2.375,0,11.554,0,1,1
3.414,2.9493,2,0,0,0,0,33.3,0,0,0,0,2.928,1,7.408,0,1.069,1.12,0,0,0,1.36,0,0,0,0,1.618,-0.627,0,0,1.707,0,0,0,0,3.817,3.056,0,8.377,0,2,1
4.414,3.0531,1,0,0,0,1,46.2,0,0,0,0,3.056,0.802,9.183,0,0.979,1.09,0,0,0,1.402,1,0,0,0,2.101,-0.076,0,0,0.975,0,1,0,0,3.752,2.127,0,8.2,0,0,1
5.003,2.9286,1,0,0,0,3,52.6,0,0,0,0,3.468,0.629,10.084,0,0.98,1.083,0,0,0,1.403,3,0,0,0,2.351,0.004,0,0,1.075,0,1,0,0,3.961,2.02,0,8.707,0,0,1
5.468,2.9745,0,0,7,2,0,35.3,3,2,5,0,3.647,1.774,10.81,2,0.998,1.139,0,0,0,1.233,1,0,0,0,2.429,0,0,20.513,2.33,0,0,3,0,3.568,2.552,2,8.576,0,0,1
4.753,1.7292,0,0,2,0,0,36.6,0,2,4,0,3.805,1.249,10.442,2,0.993,1.136,0,0,0,1.214,2,0,0,0,2.292,0,0,20.455,3.906,2,0,4,0,3.463,2.307,2,8.603,0,0,1
4.753,2.1754,0,0,2,0,4,51.7,0,2,4,0,3.898,1.249,10.442,2,1.014,1.106,0,0,0,1.299,2,0,0,0,2.292,0,0,20.215,3.906,0,2,4,0,3.737,2.588,2,9.001,0,0,1
5.337,5.3346,0,1,8,2,0,33.3,6,0,12,0,3.736,2.059,10.865,0,0.982,1.146,0,0,0,1.26,0,0,0,0,2.324,0,0,0,3.763,0,0,10,0,3.658,2.398,4,8.654,0,0,1
4.971,3.0393,0,0,2,0,2,38.7,3,1,2,0.124,3.509,1.733,10.236,4,0.984,1.13,0,0,0,1.251,1,0,0,0,2.305,0.001,0,11.885,2.585,0,0,3,0,3.725,2.214,1,8.44,0,0,1
5.512,2.3918,0,0,4,1,4,48.6,2,2,2,0,3.981,1.311,10.893,4,1.005,1.112,0,0,0,1.295,2,0,0,0,2.426,0,0,0,3.534,0,2,0,0,3.795,2.472,2,9.073,0,0,1
4.607,2.9875,2,0,0,0,2,46.7,1,0,0,0,3.439,1.187,9.631,0,1.012,1.103,0,0,0,1.34,1,0,1,0,2.194,-0.025,0,0,1.544,0,1,0,0,3.884,2.34,0,8.779,0,2,1
4.732,3.3676,3,0,0,0,3,50,0,0,0,0,3.588,0.881,9.803,0,1.052,1.09,0,0,0,1.397,1,0,1,0,2.236,-0.026,0,0,0.95,0,3,0,0,4.063,2.593,0,9.094,0,3,1
4.414,3.1174,1,0,0,0,1,50,0,0,0,0,3.099,0.802,9.183,0,0.998,1.099,0,0,0,1.351,1,0,1,0,2.101,-0.077,0,0,0.975,0,1,0,0,3.849,2.254,0,8.358,0,1,1
4.807,3.3748,3,0,0,0,3,50,0,0,0,0,3.588,0.881,9.833,0,1.052,1.09,0,0,0,1.389,1,0,1,0,2.246,-0.025,0,0,1.06,0,3,0,0,4.093,2.593,0,9.095,0,3,1
5.318,3.3016,1,0,0,1,2,46.7,1,0,0,0,3.52,1.16,10.388,0,1.093,1.175,0,0,1,1.167,1,0,1,0,2.318,-0.009,0,0,1.782,0,1,0,0,3.906,3.699,0,8.734,0,4,1
4.954,3.4508,2,0,0,0,3,50,0,1,0,0,3.545,1.185,9.93,2,1.045,1.096,0,0,0,1.345,1,0,1,0,2.288,0.014,0,10.279,1.239,0,2,0,0,4.034,2.822,0,8.933,0,2,1
4.807,3.5133,3,0,0,0,0,45.5,0,0,1,0,3.595,0.881,9.833,0,1.076,1.106,0,0,0,1.367,1,0,1,0,2.246,-0.026,0,0,1.06,0,2,2,0,4.104,2.704,1,9.109,0,3,1
4.923,3.2389,1,0,0,0,2,47.1,1,1,0,0.005,3.394,1.185,9.911,2,1.011,1.107,0,0,0,1.314,1,0,1,0,2.267,0.014,0,10.782,1.563,0,1,0,0,3.93,2.611,0,8.654,0,1,1
4.828,3.3854,2,0,1,0,3,50,0,1,2,0,3.627,1.455,9.947,1,1.06,1.102,0,0,0,1.331,1,0,1,0,2.268,-0.008,0,9.803,1.996,0,3,2,0,4.054,2.884,1,9.025,0,2,1
4.679,3.1889,0,0,4,0,2,57.1,0,0,4,0,3.292,1.261,9.715,0,1.006,1.101,0,0,0,1.35,1,0,0,0,2.222,0.015,0,0,1.695,0,0,2,0,3.734,2.833,2,8.435,0,0,1
5,2.2867,0,0,2,0,4,42.5,0,1,4,0.056,3.893,1.048,10.745,4,0.987,1.124,0,0,0,1.276,2,0,0,0,2.358,0,0,12.381,3.585,0,2,4,0,3.804,2.167,2,8.931,0,0,1
4.792,1.8015,0,0,4,0,4,38.9,2,0,4,0,4.176,2.296,10.681,0,0.967,1.128,0,0,0,1.265,2,0,0,1,2.305,0,0,0,6.858,0,2,4,1,3.709,1.73,1,8.928,0,0,1
3,1.7897,1,0,0,0,0,25,2,0,0,0,2.411,0.918,6.594,0,0.997,1.149,0,0,0,1.246,0,0,0,0,1.414,0.757,0,0,1.333,0,0,0,0,3.539,2.537,0,7.596,0,1,1
4.17,3.2048,0,0,0,0,0,38.5,1,0,0,1.019,2.482,0.971,8.597,0,0.964,1.128,0,0,0,1.306,0,0,0,0,1.848,0.359,0,0,1.542,0,0,0,0,3.298,2.333,0,7.256,0,0,1
4.17,2.8892,3,0,0,0,0,25,2,0,0,0,3.217,0.971,8.597,0,1.078,1.135,0,0,0,1.321,0,0,0,0,1.848,0.385,0,0,1.542,0,0,0,0,3.964,3.033,0,8.712,0,3,1
4.334,3.5692,0,0,0,0,0,28.6,0,2,1,-0.359,2.853,1.557,8.944,3,1.029,1.154,0,0,0,1.14,0,0,0,0,1.97,0.155,0,10.023,2.195,0,0,1,2,3.401,3.381,1,7.59,0,0,1
4.732,2.8823,0,0,2,0,1,40,1,0,2,0,3.08,1.187,9.642,0,0.976,1.129,0,0,0,1.261,1,0,0,0,2.194,-0.024,0,0,1.659,0,0,2,2,3.588,2.111,1,7.954,0,0,1
5.248,4.5364,0,1,0,2,0,30.8,4,0,10,0,3.364,1.792,10.573,0,0.993,1.157,1,0,0,1.239,0,0,0,0,2.247,-0.008,0,0,3.06,0,0,10,2,3.557,2.708,4,8.339,0,0,1
4.802,1.9701,2,0,5,0,2,39.3,0,1,2,0,3.862,0,10.433,0,1.004,1.112,0,0,0,1.332,4,0,0,0,2.392,0,0,0,3.053,0,0,5,0,4.346,1.948,2,9.31,0,0,1
4.858,2.2974,0,0,0,0,4,48.1,0,2,0,0,3.633,0.648,10.32,5,0.998,1.108,0,0,0,1.282,2,0,0,0,2.299,0,0,0,2.949,0,2,0,2,3.72,2.411,0,8.656,0,0,1
5.055,2.392,0,0,0,0,3,48.3,1,1,0,0,3.618,0.648,10.357,3,0.983,1.107,0,0,0,1.299,2,0,0,0,2.345,0,0,0,2.644,0,1,0,1,3.735,2.156,0,8.621,0,0,1
5.073,2.8512,0,0,0,0,4,50,0,3,0,-1.117,3.608,1.02,10.428,7,1.023,1.104,0,0,0,1.268,3,0,0,0,2.399,-0.001,0,10.705,1.642,0,1,0,2,3.921,2.81,0,8.767,0,0,1
5.119,3.5822,0,0,0,0,5,39.1,3,2,0,0,3.299,0.832,10.265,7,0.998,1.127,0,0,0,1.224,1,0,0,0,2.365,-0.008,0,0,0.952,0,2,0,2,3.842,2.576,0,8.374,0,0,1
5.252,1.8578,0,0,0,0,7,49.2,3,1,0,0,4.332,0.541,11.217,3,0.977,1.106,0,0,0,1.312,4,0,0,0,2.474,0,0,0,2.892,0,1,0,1,3.864,1.989,0,9.367,0,0,1
5.121,3.1368,0,0,0,0,3,37.8,4,1,0,0,3.542,1.564,10.411,4,0.974,1.129,0,0,0,1.247,1,0,0,0,2.373,-0.001,0,0,2.301,0,1,0,1,3.765,2.044,0,8.405,0,0,1
4.971,2.3039,0,0,0,0,3,48.3,1,1,0,0,3.618,0.648,10.338,2,0.983,1.107,0,0,0,1.296,2,0,0,0,2.322,0,0,0,2.758,0,1,0,1,3.712,2.156,0,8.619,0,0,1
4.863,2.4509,0,0,0,0,3,52.2,0,1,0,0,3.499,0.569,10.135,2,0.989,1.099,0,0,0,1.303,2,0,0,0,2.3,0.001,0,0,2.241,0,1,0,1,3.743,2.231,0,8.536,0,0,1
4.751,2.4488,0,0,0,0,3,52,0,2,0,0,3.648,0.781,10.2,6,1.003,1.1,0,0,0,1.294,2,0,0,0,2.275,0,0,10.556,3.052,0,2,0,0,3.715,2.367,0,8.671,0,0,1
5.145,2.6892,6,0,0,0,8,52.2,0,1,0,0,5.261,0.749,10.805,4,1.049,1.058,0,0,0,1.511,2,1,0,0,2.404,0,1,0,3.189,0,8,0,0,6.969,2.175,0,13.369,0,6,1
4.807,3.317,1,0,0,0,3,43.8,1,1,0,0,3.297,0.881,9.833,3,1.012,1.113,0,0,0,1.298,1,0,1,0,2.246,-0.025,0,0,1.06,0,2,0,1,3.904,2.568,0,8.562,0,1,1
5.366,3.1941,0,0,0,1,2,40,3,1,0,0,3.272,1.16,10.405,3,0.981,1.125,0,0,0,1.265,1,0,0,0,2.342,-0.007,0,0,1.661,0,1,0,1,3.725,2.235,0,8.247,0,0,1
4.807,3.3166,1,0,0,0,3,43.8,1,1,0,0,3.297,0.881,9.833,2,1.012,1.113,0,0,0,1.294,1,0,1,0,2.246,-0.025,0,0,1.06,0,2,0,1,3.926,2.568,0,8.562,0,1,1
5.494,3.5966,0,0,0,2,4,36.7,8,1,0,0,3.766,1.378,11.12,4,0.971,1.131,0,0,0,1.257,1,0,0,0,2.475,0,0,0,1.774,0,1,0,1,3.861,2,0,8.725,0,0,1
5.319,2.286,0,0,0,0,5,53.3,1,2,0,-0.099,3.839,0.894,10.8,8,0.999,1.097,0,0,0,1.304,6,0,0,0,2.51,0,0,24.67,1.618,0,0,0,0,3.954,2.398,0,8.972,0,0,1
5.488,3.5413,0,0,0,2,4,37.5,7,1,0,0,3.611,1.125,11.011,4,0.973,1.13,0,0,0,1.266,1,0,0,0,2.458,0,0,0,1.942,0,1,0,1,3.853,2.073,0,8.63,0,0,1
5.346,1.9333,1,0,0,0,5,50,0,4,0,0,4.352,0.335,11.134,16,1.002,1.098,0,0,0,1.31,4,0,0,0,2.414,0,0,13.638,3.726,0,3,0,0,4.442,2.229,0,9.744,0,0,1
5.313,3.0388,0,0,0,1,2,40,3,1,0,0,3.272,1.16,10.388,2,0.981,1.125,0,0,0,1.265,1,0,0,0,2.311,-0.007,0,0,1.833,0,1,0,1,3.695,2.235,0,8.244,0,0,1
5.772,1.8949,0,0,2,1,8,44.4,4,3,4,-0.301,4.4,1.179,11.542,14,0.993,1.118,0,0,0,1.266,9,0,0,0,2.662,0,0,13.015,2.215,1,4,8,0,4.016,2.068,2,9.456,1,0,1
4.95,2.5658,0,1,3,0,1,43.5,1,1,5,0.914,3.498,0.7,10.271,2,1.003,1.125,0,0,0,1.277,2,0,0,0,2.377,0.001,0,11.396,2.113,0,1,8,0,3.755,2.346,2,8.548,0,0,1
5.093,2.5206,1,1,7,0,1,38.9,2,2,7,0.543,4.301,1.385,10.843,4,1.01,1.129,1,0,0,1.274,2,1,0,0,2.494,0,1,24.24,2.989,0,1,12,1,6.874,2.446,3,11.632,0,1,1
4.958,3.5562,0,0,1,0,3,38.9,1,3,2,0,3.375,1.16,10.099,6,1.041,1.132,0,1,0,1.226,1,0,0,0,2.303,-0.008,0,20.357,1.602,0,2,2,1,3.88,3.182,1,8.601,0,0,1
4.414,3.5088,1,1,0,0,0,18.2,0,0,1,0,3.095,0.917,9.459,0,1.044,1.174,0,0,0,1.28,1,0,0,1,2.199,-0.087,0,0,1.101,0,0,2,3,3.883,2.722,4,8.369,0,0,1
4.709,2.2935,0,0,3,0,3,46.2,0,0,6,0,3.557,0.544,10.149,0,0.985,1.118,0,0,0,1.294,2,0,0,1,2.259,-0.001,0,0,2.952,0,3,6,3,3.684,2.107,2,8.564,0,0,1
4.941,1.4032,0,0,6,0,8,54.2,0,0,8,0,4.275,0,11.075,0,0.982,1.099,0,0,0,1.344,7,0,0,2,2.376,0,0,0,5.295,0,4,8,2,3.884,1.94,2,9.422,0,0,1
4.893,1.9562,0,0,12,0,3,50,0,3,9,0,4.239,0,10.88,12,1.014,1.11,0,0,0,1.276,4,0,0,0,2.358,0,0,0,2.984,0,3,0,0,3.845,2.204,3,9.311,0,0,1
5.005,2.3831,4,0,0,0,6,50,0,4,0,-1.889,4.31,0.714,10.849,10,1.072,1.096,0,0,0,1.305,2,0,1,0,2.345,0,0,23.541,4.811,0,4,0,0,4.04,2.854,0,9.71,0,4,1
4.722,2.2967,0,0,3,0,3,48,0,1,6,0,3.647,0.781,10.2,2,1.003,1.115,0,0,0,1.288,2,0,0,1,2.269,0,0,10.206,3.115,0,3,6,1,3.705,2.367,2,8.677,0,0,1
4.607,3.0674,1,0,0,0,2,50,0,0,0,0,3.299,1.187,9.631,0,0.991,1.1,0,0,0,1.349,1,0,1,0,2.194,-0.025,0,0,1.544,0,1,0,0,3.873,2.272,0,8.534,0,1,1
4.642,3.1319,1,0,0,0,2,50,0,0,0,0,3.299,1.187,9.631,0,0.991,1.1,0,0,0,1.348,1,0,1,0,2.2,-0.025,0,0,1.487,0,1,0,0,3.88,2.272,0,8.534,0,1,1
4.679,3.0867,0,0,0,0,2,50,0,0,0,0,3.219,1.261,9.715,0,0.971,1.104,0,0,0,1.331,1,0,0,0,2.222,0.013,0,0,1.695,0,0,0,0,3.667,2.133,0,8.186,0,0,1
4.783,3.214,1,0,0,0,2,50,0,0,0,0,3.299,1.187,9.668,0,0.991,1.1,0,0,0,1.35,1,0,1,0,2.222,-0.025,0,0,1.358,0,1,0,0,3.907,2.272,0,8.536,0,1,1
4.414,3.0874,1,0,0,0,1,50,0,0,0,0,3.733,0.802,9.183,0,0.99,1.091,0,0,0,1.413,1,1,0,0,2.101,-0.075,1,0,0.975,0,1,0,0,6.879,2.06,0,11.588,0,1,1
5.236,3.8147,6,0,0,0,6,50,0,0,0,0,5.164,0.799,10.434,0,1.085,1.025,0,0,0,1.635,1,1,0,0,2.414,0.004,1,0,0.873,0,6,0,0,7.002,2.208,0,13.365,0,6,1
5.303,3.1668,2,0,0,0,0,21.4,0,0,0,0,3.22,1.224,10.445,0,0.95,1.132,0,0,0,1.504,0,0,0,0,2.236,0.032,0,0,2.129,0,0,6,1,4.161,1.765,1,8.95,0,0,1
5.04,2.8606,0,0,0,0,0,36.4,0,4,0,-2.043,3.403,1.258,10.159,8,1.033,1.132,0,0,0,1.153,1,0,0,0,2.323,0.004,0,21.144,1.711,2,0,0,2,3.581,3.25,0,8.304,0,0,1
5.04,2.8606,0,0,0,0,0,36.4,0,4,0,-2.043,3.403,1.258,10.159,8,1.033,1.132,0,0,0,1.153,1,0,0,0,2.323,0.004,0,21.144,1.711,2,0,0,2,3.581,3.25,0,8.304,0,0,1
3.962,3.1106,0,0,8,0,0,22.7,2,0,0,0,3.525,3,9.452,0,0.985,1.172,0,0,0,1.12,0,0,0,0,1.966,-0.001,0,0,6.505,0,0,10,8,3.038,2.063,6,7.786,0,0,1
4.679,2.926,0,0,4,0,2,36.4,2,0,4,0,3.179,1.261,9.715,0,0.983,1.14,0,0,0,1.222,1,0,0,0,2.222,0.013,0,0,1.695,0,0,2,4,3.63,2.233,2,8.035,0,0,1
4.679,2.9754,0,0,0,0,2,45.5,1,0,0,0,3.188,1.261,9.715,0,0.968,1.113,0,0,0,1.306,1,0,0,0,2.222,0.013,0,0,1.695,0,0,0,0,3.648,1.983,0,8.104,0,0,1
4.641,2.8954,0,0,0,0,2,45.5,1,0,0,0,3.188,1.261,9.714,0,0.968,1.113,0,0,0,1.311,1,0,0,0,2.214,0.013,0,0,1.783,0,0,0,0,3.643,1.983,0,8.104,0,0,1
4.908,2.3407,0,0,0,0,4,47.1,2,0,0,0,3.656,1,10.375,0,0.969,1.11,0,0,0,1.311,2,0,0,0,2.334,0,0,0,2.698,0,0,0,0,3.763,1.854,0,8.64,0,0,1
4.974,2.4775,0,0,0,0,5,45,3,0,0,0,3.758,1.093,10.534,0,0.968,1.114,0,0,0,1.3,2,0,0,0,2.37,0,0,0,2.634,0,0,0,0,3.795,1.824,0,8.732,0,0,1
4.303,3.5394,1,0,0,0,0,27.3,1,2,0,-0.392,2.953,1.459,8.815,1,1.057,1.146,0,0,0,1.141,0,0,0,0,1.932,-0.262,0,9.826,1.745,0,0,0,0,3.647,3.296,0,8.091,0,1,1
4.414,3.286,0,0,0,0,0,27.3,3,0,0,0,2.69,1.449,8.995,0,0.968,1.155,0,0,0,1.146,0,0,0,0,2,0.117,0,0,1.496,0,0,3,0,3.116,1.786,1,6.994,0,0,1
5.236,2.9421,6,0,0,0,0,33.3,0,0,0,0,4.006,0.799,10.434,0,1.069,1.12,0,0,0,1.347,1,0,1,0,2.414,0.004,0,0,0.873,0,0,0,0,4.085,2.722,0,9.504,0,6,1
5.31,3.1914,0,0,0,1,1,46.7,1,0,0,0,3.288,1.185,10.25,0,1.072,1.179,0,0,1,1.127,1,0,0,0,2.288,0.016,0,0,1.726,0,0,0,0,3.711,3.692,0,8.267,0,3,1
5.273,2.8909,6,0,2,0,7,41.9,0,3,2,0,4.443,1.309,11.076,6,1.067,1.105,0,0,0,1.319,2,0,1,0,2.437,0,0,23.392,3.165,0,7,3,1,4.692,2.81,1,10.189,0,5,1
5.276,2.8189,2,0,0,0,2,55.6,0,2,0,-1.19,3.824,0.788,10.565,6,1.053,1.086,0,0,0,1.322,3,0,1,0,2.463,-0.001,0,23.092,1.098,0,0,0,0,4.127,2.873,0,9.208,0,2,1
5.306,1.7481,0,0,6,0,10,52.4,2,2,10,-0.048,4.211,0.596,11.279,8,1.001,1.103,0,0,0,1.311,15,0,0,2,2.546,0,0,25.93,2.383,0,4,8,2,3.986,2.269,2,9.387,0,0,1
5.098,2.0755,1,0,0,0,2,31.4,1,10,0,0,4.512,3.926,10.941,5,1.006,1.139,0,0,0,1.167,1,0,0,0,2.236,0,0,20.648,13.503,0,1,0,1,4.712,2.336,0,9.805,0,0,1
5.002,2.3687,2,0,0,0,4,41.7,1,2,0,0,4.415,0.748,10.344,3,1.017,1.108,0,0,0,1.325,2,1,0,0,2.351,-0.001,1,0,2.747,0,3,0,0,6.928,2.107,0,12.283,0,2,1
4.923,3.2486,1,0,0,0,2,46.7,0,2,0,-0.87,4.45,1.185,9.911,4,1.025,1.092,0,0,0,1.432,1,0,0,0,2.267,0.014,0,10.417,1.563,0,1,0,1,10.695,2.812,0,14.221,0,1,1
5,2.1912,0,0,0,0,0,27.3,0,0,12,0,3.181,0,10.242,0,0.997,1.166,0,0,0,1.198,7,0,0,0,2.449,0.004,0,0,0.4,0,0,0,0,3.541,1.7,4,7.904,0,0,1
4.519,4.1593,0,0,0,0,0,27.3,0,0,6,0,3.69,2.431,10.229,0,0.974,1.157,0,0,0,1.189,0,0,0,0,2.136,0,0,0,3.448,0,0,6,0,3.223,1.763,4,8.191,0,0,1
4.895,3.3035,1,0,2,0,3,41.2,0,2,2,-1.006,3.489,1.16,10.099,4,1.043,1.124,0,0,0,1.246,1,0,1,0,2.292,-0.008,0,10.366,1.696,0,2,2,3,3.937,3.071,1,8.749,0,1,1
4.958,2.4699,0,0,0,0,0,32.3,3,1,0,0,3.186,1.16,10.099,3,0.973,1.141,0,0,0,1.202,1,0,0,0,2.303,-0.006,0,0,1.602,2,0,0,1,3.371,1.985,0,7.729,0,0,1
4.521,2.4265,0,0,0,0,1,41.7,1,0,0,0,3.15,1.661,9.466,0,0.966,1.121,0,0,0,1.288,1,0,0,0,2.154,0.012,0,0,2.593,0,0,0,0,3.553,1.817,0,7.925,0,0,1
4.968,2.6545,1,0,2,0,0,31.4,2,1,3,0.28,3.554,1.965,10.113,3,0.981,1.137,0,0,0,1.225,1,0,0,0,2.291,0.001,0,11.762,2.566,0,0,3,0,3.836,2.024,1,8.518,0,0,1
4,2.7362,3,0,0,0,0,20,1,0,0,0,4.131,0.811,8.318,0,1.11,1.092,0,0,0,1.589,0,1,0,0,1.732,-0.565,0,0,1,0,0,0,0,7.073,2.736,0,12.27,0,3,1
5.071,3.5686,2,0,2,0,4,41.2,0,2,2,-1.144,3.683,1.124,10.277,4,1.062,1.121,0,0,0,1.269,1,0,1,0,2.353,0.004,0,10.528,1.513,0,3,2,3,4.053,3.13,1,9.064,0,2,1
4.832,3.237,1,0,8,0,0,29,4,0,11,0,3.692,1.564,10.314,0,1.004,1.159,0,0,0,1.229,1,0,1,0,2.303,-0.001,0,0,2.657,0,0,4,2,3.952,2.252,5,8.821,0,1,1
4.596,3.3537,0,0,2,0,0,33.3,0,0,5,0,3.01,0.875,9.54,0,1.005,1.155,0,0,0,1.224,1,0,0,0,2.175,0.047,0,0,1.069,0,0,4,4,3.667,2.542,3,8.012,0,0,1
4.862,3.0493,1,0,3,0,3,37,1,1,5,-0.162,3.655,1.618,10.32,3,1.006,1.135,0,0,0,1.268,1,0,1,0,2.292,0.001,0,11.28,2.902,0,2,2,1,3.928,2.448,2,8.841,0,1,1
4.732,3.0551,0,0,0,0,0,38.5,0,2,1,-0.694,3.038,0.875,9.579,3,1.04,1.134,0,0,0,1.205,1,0,0,0,2.194,0.048,0,10.313,0.854,0,0,2,2,3.628,3.104,1,8.003,0,0,1
5.135,2.3958,4,0,0,0,8,54.5,0,2,0,0,4.166,0.714,10.834,8,1.067,1.084,0,0,0,1.339,6,0,1,0,2.467,0,0,0,1.842,0,8,0,0,4.118,2.488,0,9.627,0,4,1
5.386,4.1972,1,0,9,0,4,29.3,2,6,10,0,4.15,1.708,11.059,12,1.04,1.148,0,2,0,1.2,1,0,0,0,2.479,0,0,68.106,2.168,0,4,9,2,4.728,3.199,4,9.876,0,0,1
4.788,2.2515,1,0,3,0,4,42.9,0,2,5,-0.17,3.994,1.329,10.632,7,1.01,1.122,0,0,0,1.273,2,0,1,0,2.297,0,0,11.491,4.181,0,4,2,1,3.88,2.372,2,9.146,0,1,1
5.063,3.4832,2,0,2,0,3,43.8,0,1,2,-0.611,3.612,1.16,10.123,2,1.045,1.115,0,0,0,1.307,1,0,1,0,2.327,-0.008,0,10.696,1.458,0,2,1,2,4.051,2.899,1,9.001,0,2,1
5.157,2.5156,0,0,0,0,6,61.5,0,0,0,0,3.76,0,10.741,0,0.978,1.08,0,0,0,1.395,12,0,0,0,2.569,0,0,0,1.115,0,0,0,0,4.156,1.875,0,9.066,0,0,1
5.157,2.1796,0,0,0,0,8,62.5,0,0,0,0,3.985,0,11,0,0.978,1.078,0,0,0,1.403,18,0,0,0,2.592,0,0,0,1.633,0,0,0,0,4.187,1.867,0,9.309,0,0,1
4.523,3.7658,0,0,0,0,0,26.1,2,3,0,0,3.01,1.837,9.454,6,1.007,1.154,0,0,0,1.06,0,0,0,0,2.074,0.046,0,0,2.57,0,0,0,2,3.258,2.796,0,7.466,0,0,1
5.115,2.7426,4,0,0,0,6,54.5,0,0,0,0,4.066,0.75,10.569,0,1.032,1.084,0,0,0,1.383,2,0,1,0,2.398,0,0,0,2.231,0,4,0,0,4.087,2.403,0,9.537,0,4,1
5.223,2.7767,6,0,0,0,8,54.5,0,0,0,0,5.247,0.76,10.81,0,1.036,1.051,0,0,0,1.545,2,1,0,0,2.443,0,1,0,2.399,0,6,0,0,6.959,2.102,0,13.369,0,6,1
4.732,3.3604,0,0,0,0,2,46.2,0,1,0,0,3.049,0.875,9.579,2,1.038,1.138,0,0,0,1.208,1,0,0,0,2.194,0.048,0,0,0.854,0,2,0,1,3.685,3.167,0,8.04,0,1,1
5.199,3.3125,0,0,0,0,0,33.3,0,8,0,-6.193,3.778,1.243,10.727,16,1.075,1.139,0,0,0,1.125,1,0,0,0,2.496,0,0,43.367,1.45,4,0,0,4,3.711,3.853,0,8.777,0,0,1
4.732,3.3843,0,0,2,0,0,33.3,0,0,4,0,3.01,0.875,9.579,0,1.005,1.155,0,0,0,1.222,1,0,0,0,2.194,0.046,0,0,0.854,0,1,5,4,3.678,2.542,3,8.013,0,0,1
4.796,3.3559,1,0,0,0,0,42.9,0,2,1,-1.067,3.421,1.185,9.882,2,1.061,1.121,0,0,0,1.248,1,0,1,0,2.243,0.015,0,10.232,1.686,0,0,3,1,3.916,3.111,1,8.691,0,1,1
5.386,4.1863,1,0,7,0,4,31,2,6,8,0,4.146,1.708,11.059,12,1.034,1.143,0,2,0,1.215,1,0,0,0,2.479,0,0,68.713,2.168,0,4,8,0,4.719,3.112,3,9.869,0,0,1
5.063,3.5101,2,0,0,0,3,46.7,0,2,0,-1.111,3.62,1.16,10.123,4,1.064,1.103,0,0,0,1.295,1,0,1,0,2.327,-0.008,0,10.474,1.458,0,2,0,1,4.052,3.081,0,9.007,0,2,1
4.965,3.411,2,0,0,0,3,46.7,0,2,0,-1.072,3.62,1.16,10.099,4,1.064,1.103,0,0,0,1.29,1,0,1,0,2.305,-0.008,0,10.431,1.553,0,2,0,1,4.016,3.081,0,9.006,0,2,1
5.236,3.896,5,0,1,0,6,42.9,0,0,2,0,3.962,0.799,10.434,0,1.098,1.105,0,0,0,1.364,1,0,1,0,2.414,0.004,0,0,0.873,0,6,2,2,4.294,2.88,1,9.553,0,5,1
4.732,3.2348,1,0,0,0,2,46.2,0,1,0,0,4.384,0.875,9.579,2,1.004,1.09,0,0,0,1.504,1,0,0,0,2.194,0.044,0,0,0.854,0,2,0,1,10.695,2.432,0,14.22,0,1,1
4.562,3.1234,1,0,0,0,2,46.2,0,1,0,0,4.384,0.875,9.54,2,1.004,1.09,0,0,0,1.502,1,0,0,0,2.17,0.044,0,0,1.14,0,2,0,1,10.695,2.432,0,14.22,0,1,1
3.414,2.8149,2,0,0,0,0,33.3,0,0,0,0,4.059,1,7.408,0,1.038,1.086,0,0,0,1.586,0,1,0,0,1.618,-0.564,0,0,1.707,0,0,0,0,6.923,2.375,0,12.258,0,2,1
4.414,3.6834,0,1,0,0,0,23.5,2,1,2,0,2.791,1.449,8.995,2,1.004,1.169,0,0,0,1.127,0,0,0,0,2,0.139,0,9.643,1.496,0,0,4,0,3.311,2.714,2,7.407,0,0,1
4.871,2.8358,2,0,5,0,3,36.4,1,1,6,-0.142,3.902,2.202,10.42,3,1.007,1.134,0,0,0,1.269,1,0,1,0,2.297,0,0,11.753,3.881,0,3,3,1,4.051,2.405,2,9.127,0,2,1
5.343,2.0795,0,0,0,0,9,56.8,1,0,0,0,4.005,0.418,11.077,0,0.975,1.09,0,0,0,1.378,18,0,0,0,2.582,0,0,0,1.679,0,0,0,0,4.118,1.81,0,9.272,0,0,1
5.141,3.7726,3,0,0,0,5,41.2,0,2,0,0,3.775,1.124,10.31,4,1.068,1.112,0,0,0,1.291,1,0,1,0,2.38,0.004,0,0,1.232,0,5,0,1,4.18,2.847,0,9.227,0,3,1
5.257,3.6473,0,0,3,0,3,36.6,3,4,4,-0.736,3.878,1.959,10.725,5,1.006,1.134,0,0,0,1.22,1,0,0,0,2.425,0,0,24.104,2.269,0,1,5,0,3.801,2.508,1,8.848,0,0,1
5.331,2.086,0,0,4,1,3,50,1,1,3,0.4,4.133,0.854,11.139,4,1.027,1.133,0,0,1,1.237,3,0,0,0,2.452,0,0,12.788,3.292,0,0,2,0,3.873,2.844,1,9.214,0,3,1
4.17,3.4918,0,1,0,0,0,18.2,0,1,0,0,2.509,0.971,8.597,2,1.027,1.185,0,0,0,1.12,0,0,0,0,1.848,0.418,0,9.181,1.542,0,0,2,0,3.287,3.2,2,7.247,0,0,1
4.461,3.6682,0,1,2,0,0,26.1,2,1,4,0,3.011,1.891,9.202,2,0.993,1.161,0,0,0,1.152,0,0,0,0,2.053,0.043,0,9.961,2.244,0,0,4,0,3.318,2.444,2,7.563,0,0,1
4.732,3.3432,2,0,1,0,3,42.9,0,0,2,0,3.453,0.881,9.803,0,1.029,1.117,0,0,0,1.342,1,0,1,0,2.236,-0.025,0,0,0.95,0,3,2,2,3.996,2.58,1,8.861,0,2,1
4,2.7994,3,0,0,0,0,20,1,0,0,0,3.752,0.811,8.318,0,1.129,1.112,0,0,0,1.484,0,1,0,0,1.732,-0.601,0,0,1,0,0,0,0,6.883,3.076,0,11.605,0,3,1
4,2.6593,2,0,0,0,0,25,2,0,0,0,2.898,0.811,8.318,0,1.037,1.142,0,0,0,1.327,0,0,0,0,1.732,-0.575,0,0,1,0,0,0,0,3.919,2.889,0,8.366,0,2,1
5.086,3.3016,0,0,0,1,0,27.8,3,1,0,0,2.579,0.918,9.771,1,0.979,1.15,0,0,0,1.126,0,0,0,0,2.074,-0.206,0,0,1.372,0,0,0,1,3.27,2.458,0,7.162,0,0,1
4.17,3.2983,0,0,0,0,0,36.4,1,1,0,0.019,2.527,0.971,8.597,1,0.998,1.132,0,0,0,1.239,0,0,0,0,1.848,0.398,0,9.694,1.542,0,0,0,0,3.363,3.133,0,7.376,0,0,1
5.474,3.1835,2,0,0,0,4,38.5,0,6,0,0,4.045,1.112,11.095,12,1.064,1.106,0,0,0,1.265,3,0,0,0,2.489,0,0,44.606,2.066,0,2,0,2,4.767,3.361,0,10.185,0,0,1
5.486,2.4769,1,0,0,0,5,50,0,5,0,-1.01,4.058,0.932,11.11,14,1.045,1.094,0,0,0,1.278,6,0,0,0,2.545,0,0,47.419,1.787,0,1,0,1,4.741,3.029,0,9.821,0,0,1
5.366,3.6325,1,0,1,0,2,33.3,0,3,2,0,3.501,1.16,10.405,6,1.045,1.127,0,0,0,1.23,1,0,0,0,2.342,-0.008,0,21.059,1.661,0,2,2,3,4.739,3.295,1,9.511,0,0,1
5.147,3.3247,1,0,8,1,0,28.6,4,0,13,0,3.719,1.602,10.592,0,0.993,1.152,0,0,0,1.236,1,0,0,0,2.329,0,0,0,2.528,0,0,4,2,3.941,2.099,5,8.864,0,0,1
5.021,3.697,2,0,2,0,4,37.5,0,2,4,0,3.708,1.124,10.277,4,1.08,1.133,0,1,0,1.271,1,0,1,0,2.343,0.005,0,20.528,1.623,0,4,4,2,4.079,3.241,2,9.17,0,2,1
5,3.8212,0,0,4,0,3,36.8,0,6,4,-1.457,3.731,1.254,10.466,12,1.108,1.14,0,2,0,1.177,1,0,0,0,2.358,-0.001,0,51.868,1.609,0,2,4,1,3.945,3.844,2,9.054,0,0,1
5.845,1.7363,0,0,0,2,3,43.5,1,2,0,0,3.979,0.853,11.37,7,0.984,1.117,0,0,0,1.275,10,0,0,0,2.622,0,0,0,1.949,4,1,0,2,3.794,2.136,0,8.952,0,0,1
4.807,3.1728,0,0,0,0,0,33.3,0,2,2,-2.699,3.193,0.881,9.833,4,1.105,1.181,0,0,0,1.126,1,0,0,0,2.246,-0.029,0,20.354,1.06,0,0,2,2,3.678,3.778,2,8.212,0,1,1
5.145,2.094,0,0,1,0,4,45.5,0,0,1,1.417,3.926,1.369,10.757,0,0.973,1.115,0,0,0,1.313,6,0,0,0,2.448,0,0,0,2.827,0,0,1,0,3.833,1.825,1,8.908,0,0,1
5.475,1.738,1,0,5,1,1,35.6,2,4,5,-1.229,4.137,0.882,11.23,7,1.014,1.133,0,0,0,1.229,4,0,0,0,2.627,0,0,23.711,4.912,1,0,8,4,4.029,2.538,3,9.255,0,0,1
5.317,3.1922,3,0,4,0,0,22.5,2,7,4,0,4.137,2.125,10.904,14,1.049,1.156,0,0,0,1.133,1,0,0,0,2.417,0,0,12.461,3.23,0,0,2,6,4.396,3.081,2,9.553,0,2,1
5.44,1.5282,3,3,14,0,0,31.6,0,4,11,-1.415,4.567,1.159,11.383,6,1.029,1.14,0,0,0,1.257,5,0,0,1,2.573,0,0,37.217,5.543,0,0,13,4,4.155,2.544,9,9.902,0,0,1
4.839,1.6038,2,0,18,0,4,36.7,0,0,19,0.571,4.458,0.609,10.986,0,1.003,1.141,0,0,0,1.261,2,0,1,0,2.273,0,0,0,9.958,0,3,7,8,3.89,2.392,8,9.584,0,2,1
5.306,1.9429,0,0,3,0,4,40.5,0,3,6,-2.202,4.105,0.813,11.094,8,1.021,1.138,0,0,0,1.19,5,0,0,0,2.541,0,0,23.758,2.378,0,3,11,2,3.938,2.604,3,9.164,0,1,1
5.369,3.1175,1,0,0,1,2,38.7,3,3,0,-0.384,3.767,2.024,10.629,7,1.012,1.126,0,0,0,1.241,1,0,1,0,2.331,0,0,11.563,3.299,0,2,0,0,3.879,2.491,0,8.897,0,1,1
5.351,3.1603,1,0,0,1,2,40,2,3,0,-1.007,3.669,1.618,10.573,6,1.024,1.123,0,0,0,1.239,1,0,1,0,2.315,0.001,0,10.741,2.852,0,2,0,1,3.879,2.776,0,8.856,0,1,1
5.8,1.9209,0,0,4,1,4,41.9,0,3,3,0,3.996,0.797,11.351,9,0.998,1.123,0,0,0,1.252,24,0,0,0,2.708,0,0,0,1.11,1,2,3,1,3.95,2.034,1,8.985,0,0,1
5.433,2.8905,3,0,3,0,0,24.1,2,2,5,0,3.81,1.822,10.433,7,1.019,1.15,0,0,0,1.228,1,0,0,0,2.368,0.001,0,12.189,2.101,0,0,3,1,4.422,2.466,2,9.401,0,2,1
5.1,2.4595,0,0,2,0,0,30,1,5,7,-0.641,3.751,1,10.702,9,1.045,1.154,0,0,0,1.137,2,0,0,0,2.458,0,0,11.511,2.377,0,0,4,5,3.732,3.039,3,8.654,0,0,1
5.617,2.6599,0,0,2,1,2,40.7,2,2,2,-0.162,4.084,1.525,11.028,8,0.984,1.125,0,0,0,1.258,2,0,0,0,2.473,0,0,12.345,2.26,0,0,1,0,3.73,2.103,1,9.003,0,0,1
5.217,1.4423,0,0,1,0,2,43.2,0,3,5,0.158,4.107,0.49,11.149,9,1.003,1.122,0,0,0,1.274,10,0,0,1,2.52,0,0,24.505,4.01,1,0,8,1,3.954,2.215,2,9.167,1,0,1
4.924,2.8025,0,0,2,0,1,37,1,1,1,0,3.349,1.695,10.016,3,0.986,1.134,0,0,0,1.221,1,0,0,0,2.264,0.004,0,0,2.411,0,0,2,2,3.608,2.236,1,8.167,0,0,1
5.542,2.4302,0,0,1,3,0,31.4,10,13,2,-1.172,4.768,0.881,12.041,42,1.004,1.143,0,0,0,1.156,3,0,0,0,2.487,0,0,27.876,3.306,7,0,2,5,3.672,2.472,1,9.566,0,0,1
5.666,1.3465,0,0,2,2,4,42.1,2,4,2,-0.865,4.489,0.848,11.578,15,0.989,1.121,0,0,0,1.244,4,0,0,0,2.496,0,0,11.484,7.079,1,0,3,3,3.783,2.243,1,9.438,0,0,1
5.527,2.5808,0,0,2,1,0,31,1,4,7,-1.137,3.834,0.992,10.98,8,1.071,1.175,0,0,0,1.11,2,0,0,0,2.524,0,0,11.431,2.317,0,0,4,4,3.776,3.421,3,8.78,0,2,1
4.921,2.7908,0,0,0,0,2,39.4,3,2,0,-0.772,3.579,1.564,10.35,4,0.988,1.126,0,0,0,1.245,1,0,0,0,2.298,-0.001,0,10.762,2.928,0,0,0,1,3.685,2.411,0,8.503,0,0,1
5.435,2.8402,3,0,3,0,0,24.1,2,2,5,0,3.81,1.822,10.433,7,1.019,1.15,0,0,0,1.229,1,0,0,0,2.377,0.001,0,12.189,2.369,0,0,3,1,4.422,2.466,2,9.401,0,2,1
5.409,3.989,3,0,7,0,6,31.7,4,9,9,-1.891,5.568,2.211,11.298,11,1.032,1.132,0,0,0,1.32,1,0,0,0,2.524,0,0,38.487,3.089,0,4,8,8,10.702,2.952,3,15.32,0,3,1
5.379,3.8343,3,0,8,0,6,32.1,2,8,8,-1.638,5.549,2.218,11.225,10,1.031,1.131,0,0,0,1.346,1,0,0,0,2.508,0,0,38.252,3.402,0,4,7,6,10.702,2.845,3,15.319,0,3,1
5.412,3.071,6,0,14,0,12,32.2,8,18,18,-5.891,6.258,1.958,12.06,30,1.036,1.131,0,0,0,1.325,2,0,0,0,2.531,0,0,83.992,7.873,0,8,18,16,10.706,2.968,6,16.013,0,6,1
5.266,4.7106,0,0,2,1,0,27.3,2,4,2,-1.673,3.561,2.106,10.42,8,1.018,1.156,0,0,0,1.118,0,0,0,0,2.264,0.001,0,20.912,3.038,0,0,0,4,3.463,2.906,2,8.363,0,0,1
5.432,1.8783,1,0,7,0,0,33.3,2,5,3,-0.727,4.204,1.251,11.287,10,1.014,1.138,0,0,0,1.228,4,0,0,0,2.642,0,0,36.249,3.796,2,0,8,3,4.014,2.641,3,9.313,0,0,1
4.691,4.2081,0,0,0,0,0,20,0,0,8,-0.101,3.073,1.436,9.666,0,1.008,1.187,0,0,0,1.147,0,0,0,0,2.117,0.049,0,0,2.428,0,0,0,5,3.496,2.87,5,7.947,0,0,1
5.084,1.801,0,0,12,0,2,36.4,0,5,16,-3.054,4.428,1.658,11.266,7,1.03,1.144,0,0,0,1.206,4,0,0,0,2.417,0,0,34.311,6.278,0,1,15,7,3.981,2.788,8,9.526,0,0,1
5.353,3.0041,0,0,2,1,3,35.7,1,4,1,-1.116,3.621,1.571,10.687,8,1.025,1.137,0,0,0,1.181,1,0,0,0,2.34,-0.001,0,10.74,2.882,0,2,3,5,3.744,3.094,1,8.635,0,0,1
4.993,3.5477,0,0,3,0,0,28.6,2,3,3,0,3.447,1.557,10.168,2,1.045,1.16,0,1,0,1.193,1,0,0,1,2.37,0.004,0,20.746,1.909,0,0,6,1,3.939,3.111,3,8.663,0,0,1
5.458,2.098,0,0,10,0,8,36.7,2,6,6,-1.119,4.362,2.109,11.218,14,1.016,1.137,0,0,0,1.196,6,0,0,0,2.577,0,0,26.74,3.445,0,4,10,8,4.027,2.646,4,9.333,0,0,1
5.032,2.5602,0,0,0,0,4,45.2,1,3,0,-0.808,3.763,1.335,10.602,6,1.005,1.114,0,0,0,1.257,3,0,0,0,2.397,0,0,10.916,2.48,0,1,0,1,3.896,2.48,0,8.856,0,0,1
4.732,3.1415,0,0,1,0,0,40,0,1,4,-0.442,3.15,1.187,9.642,2,1.02,1.136,0,0,0,1.231,1,0,0,0,2.194,-0.027,0,10.383,1.659,0,0,3,2,3.672,2.815,2,8.176,0,0,1
5.42,2.0424,0,0,5,0,5,39.1,1,4,6,-2.361,4.182,0.85,11.257,11,1.023,1.139,0,0,0,1.208,8,0,0,0,2.579,0,0,23.989,2.27,0,4,11,1,3.985,2.603,3,9.222,0,1,1
5.119,2.7057,0,0,3,0,0,33,4,5,1,-0.489,4.352,3.263,10.986,10,0.985,1.14,0,0,0,1.193,1,0,0,0,2.413,0,0,35.962,5.557,1,0,2,1,3.621,2.171,1,9.009,0,0,1
5.863,2.1672,0,0,6,2,3,38.6,1,9,5,-7.562,4.426,0.927,11.801,32,1.033,1.131,0,0,0,1.2,10,0,0,0,2.697,0,0,38.505,2.014,4,1,3,8,4.005,3.015,2,9.515,0,0,1
5.476,1.7856,1,0,5,1,1,39,2,4,3,-1.555,4.113,0.899,11.21,6,1.016,1.124,0,0,0,1.253,4,0,0,0,2.63,0,0,35.816,4.128,1,0,6,2,4.031,2.641,2,9.278,0,0,1
4.9,2.8326,0,0,2,0,1,37.5,1,1,1,0,3.276,1.455,9.955,3,0.989,1.133,0,0,0,1.22,1,0,0,0,2.251,-0.007,0,0,2.15,0,0,2,3,3.608,2.394,1,8.123,0,0,1
5.2,1.4495,0,0,17,1,3,38.4,3,5,13,-2.106,4.775,1.055,11.728,8,0.997,1.133,0,0,0,1.237,7,0,0,0,2.44,0,0,52.787,6.497,2,0,19,6,3.901,2.338,6,9.736,0,0,1
5.395,2.4149,1,0,5,0,3,41.9,0,3,6,-0.669,3.977,0.697,10.827,8,1.022,1.117,0,0,0,1.274,2,0,0,0,2.376,0,0,35.694,3.722,0,2,4,3,4.71,2.794,2,9.705,0,0,1
5.392,2.5528,1,0,6,0,2,37,0,2,8,0,3.88,0.682,10.708,6,1.029,1.133,0,0,0,1.265,2,0,0,0,2.37,0,0,23.762,3.21,0,2,5,3,4.71,2.73,4,9.655,0,0,1
5.392,2.5149,1,0,8,0,2,35.5,0,3,8,0,3.973,0.92,10.824,6,1.032,1.136,0,0,0,1.241,2,0,0,0,2.376,0,0,24.008,3.583,0,3,5,3,4.71,2.715,4,9.699,0,0,1
5.391,2.5206,1,0,5,0,2,35.7,1,3,6,0,3.882,0.732,10.775,6,1.032,1.132,0,0,0,1.263,2,0,0,0,2.383,0,0,23.777,3.229,0,2,6,3,4.71,2.74,3,9.681,0,0,1
5.392,1.9363,1,1,11,0,5,42.9,0,5,13,-1.287,4.346,0.787,11.183,13,1.037,1.12,0,0,0,1.254,3,0,0,0,2.381,0,0,35.693,5.597,0,4,10,3,4.71,2.824,4,9.931,0,0,1
5.823,2.1065,0,0,6,2,3,39.3,1,8,5,-6.46,4.393,0.937,11.76,28,1.028,1.129,0,0,0,1.209,10,0,0,0,2.676,0,0,38.418,2.077,4,1,3,7,3.993,2.927,2,9.486,0,0,1
5.203,2.9291,0,0,5,0,0,33.3,0,2,8,-0.853,3.53,0.808,10.522,5,1.039,1.154,0,0,0,1.224,3,0,0,1,2.475,0.001,0,22.425,1.092,0,0,5,1,3.927,2.782,4,8.701,0,0,1
5.556,3.1022,4,0,0,0,2,26.9,0,6,0,0,4.079,1.612,10.952,0,1.062,1.118,0,0,0,1.274,1,0,1,0,2.394,0,0,22.009,2.915,0,2,0,4,4.662,3.425,0,9.999,0,1,1
5.389,2.923,1,0,5,0,2,33.3,2,3,4,-0.691,3.878,2.367,10.673,7,1.009,1.135,0,0,0,1.234,1,0,0,0,2.359,0,0,35.002,4.091,0,1,2,2,4.71,2.69,2,9.599,0,0,1
5.113,4.7489,2,0,0,0,0,20,0,8,0,0,3.882,2,10.776,8,1.065,1.147,0,0,0,1.127,0,0,0,0,2.223,-0.001,0,42.133,4.356,0,0,0,2,4.697,3.656,0,10.033,0,0,1
6.049,1.4106,0,0,16,5,6,39.3,3,9,21,-1.919,4.973,1.121,12.376,25,1.002,1.129,0,0,0,1.234,28,0,0,1,2.796,0,0,42.727,3.557,3,2,15,3,4.052,2.236,4,10.003,0,0,1
6.05,1.4285,0,0,16,5,6,39.7,3,10,21,-2.217,4.996,1.141,12.381,27,1.006,1.128,0,0,0,1.234,28,0,0,1,2.798,0,0,56.437,3.526,3,2,15,3,4.053,2.315,4,10.028,0,0,1
6.041,1.4001,0,0,18,5,6,39.1,2,7,23,-1.391,4.902,0.989,12.344,21,0.999,1.13,0,0,0,1.238,28,0,0,1,2.791,0,0,28.88,3.416,3,2,16,6,4.05,2.223,5,9.935,0,0,1
3.991,2.9922,0,0,0,0,0,32.7,2,0,0,0,4.228,4.087,10.288,0,0.961,1.14,0,0,0,1.213,0,0,0,0,1.992,0,0,0,13.789,0,0,0,0,3.02,1.529,0,8.449,0,0,0
3.981,2.922,0,0,0,0,0,32.4,2,0,0,0,3.838,3.567,9.863,0,0.961,1.14,0,0,0,1.21,0,0,0,0,1.983,0,0,0,9.336,0,0,0,0,3.002,1.543,0,8.043,0,0,0
3.978,2.9014,0,0,0,0,0,32.3,2,0,0,0,3.747,3.44,9.762,0,0.961,1.141,0,0,0,1.21,0,0,0,0,1.98,0,0,0,8.527,0,0,0,0,2.997,1.548,0,7.948,0,0,0
3.98,2.9122,0,0,0,0,0,32.4,2,0,0,0,3.794,3.459,9.814,0,0.961,1.14,0,0,0,1.21,0,0,0,0,1.981,0,0,0,8.931,0,0,0,0,2.999,1.545,0,7.997,0,0,0
3.994,3.0144,0,0,0,0,0,32.8,2,0,0,0,4.391,4.322,10.461,0,0.961,1.14,0,0,0,1.214,0,0,0,0,1.994,0,0,0,16.22,0,0,0,0,3.027,1.525,0,8.616,0,0,0
3.97,2.8623,0,0,0,0,0,32.1,2,0,0,0,3.594,3.17,9.588,0,0.961,1.141,0,0,0,1.209,0,0,0,0,1.973,0,0,0,7.314,0,0,0,0,2.988,1.556,0,7.785,0,0,0
3.985,2.9469,0,0,0,0,0,32.5,2,0,0,0,3.96,3.7,9.998,0,0.961,1.14,0,0,0,1.211,0,0,0,0,1.986,0,0,0,10.55,0,0,0,0,3.007,1.538,0,8.171,0,0,0
3.973,2.8767,0,0,0,0,0,32.2,2,0,0,0,3.648,3.301,9.649,0,0.961,1.141,0,0,0,1.209,0,0,0,0,1.975,0,0,0,7.718,0,0,0,0,2.992,1.553,0,7.842,0,0,0
3.993,3.0077,0,0,0,0,0,32.8,2,0,0,0,4.339,4.248,10.406,0,0.961,1.14,0,0,0,1.213,0,0,0,0,1.994,0,0,0,15.41,0,0,0,0,3.025,1.526,0,8.564,0,0,0
3.993,3.0042,0,0,0,0,0,32.7,2,0,0,0,4.312,4.236,10.378,0,0.961,1.14,0,0,0,1.213,0,0,0,0,1.993,0,0,0,15.005,0,0,0,0,3.023,1.527,0,8.536,0,0,0
3.942,2.7581,0,0,0,0,0,31.7,2,0,0,0,3.271,2.777,9.207,0,0.96,1.142,0,0,0,1.205,0,0,0,0,1.95,0.003,0,0,5.294,0,0,0,0,2.965,1.577,0,7.436,0,0,0
3.966,2.8463,0,0,0,0,0,32.1,2,0,0,0,3.537,3.146,9.522,0,0.96,1.141,0,0,0,1.207,0,0,0,0,1.97,0,0,0,6.909,0,0,0,0,2.985,1.559,0,7.724,0,0,0
3.992,2.9964,0,0,0,0,0,32.7,2,0,0,0,4.257,4.158,10.319,0,0.961,1.14,0,0,0,1.213,0,0,0,0,1.992,0,0,0,14.194,0,0,0,0,3.021,1.529,0,8.479,0,0,0
3.992,3.0004,0,0,0,0,0,32.7,2,0,0,0,4.285,4.17,10.349,0,0.961,1.14,0,0,0,1.213,0,0,0,0,1.993,0,0,0,14.6,0,0,0,0,3.022,1.528,0,8.508,0,0,0
3.95,2.7848,0,0,0,0,0,31.8,2,0,0,0,3.345,2.807,9.296,0,0.96,1.142,0,0,0,1.205,0,0,0,0,1.956,-0.002,0,0,5.698,0,0,0,0,2.971,1.571,0,7.516,0,0,0
3.984,2.9393,0,0,0,0,0,32.5,2,0,0,0,3.921,3.684,9.955,0,0.961,1.14,0,0,0,1.211,0,0,0,0,1.985,0,0,0,10.145,0,0,0,0,3.006,1.54,0,8.13,0,0,0
3.987,2.9606,0,0,0,0,0,32.6,2,0,0,0,4.034,3.807,10.078,0,0.961,1.14,0,0,0,1.212,0,0,0,0,1.988,0,0,0,11.36,0,0,0,0,3.011,1.536,0,8.248,0,0,0
3.989,2.9725,0,0,0,0,0,32.6,2,0,0,0,4.103,3.907,10.153,0,0.961,1.14,0,0,0,1.213,0,0,0,0,1.99,0,0,0,12.17,0,0,0,0,3.014,1.533,0,8.32,0,0,0
3.983,2.931,0,0,0,0,0,32.4,2,0,0,0,3.88,3.585,9.91,0,0.961,1.14,0,0,0,1.211,0,0,0,0,1.984,0,0,0,9.741,0,0,0,0,3.004,1.542,0,8.088,0,0,0
3.848,2.5301,0,0,0,0,0,30.8,2,0,0,0,2.792,2,8.584,0,0.96,1.144,0,0,0,1.194,0,0,0,0,1.879,-0.062,0,0,3.284,0,0,0,0,2.905,1.625,0,6.895,0,0,0
3.995,3.0258,0,0,0,0,0,32.8,2,0,0,0,4.486,4.459,10.561,0,0.961,1.139,0,0,0,1.214,0,0,0,0,1.995,0,0,0,17.84,0,0,0,0,3.032,1.523,0,8.714,0,0,0
3.99,2.983,0,0,0,0,0,32.7,2,0,0,0,4.167,4,10.223,0,0.961,1.14,0,0,0,1.212,0,0,0,0,1.991,0,0,0,12.98,0,0,0,0,3.017,1.531,0,8.386,0,0,0
3.902,2.6476,0,0,0,0,0,31.3,2,0,0,0,3.012,2.322,8.881,0,0.96,1.143,0,0,0,1.202,0,0,0,0,1.919,-0.02,0,0,4.086,0,0,0,0,2.938,1.6,0,7.148,0,0,0
3.932,2.7272,0,0,0,0,0,31.6,2,0,0,0,3.192,2.585,9.11,0,0.96,1.142,0,0,0,1.206,0,0,0,0,1.942,-0.006,0,0,4.891,0,0,0,0,2.958,1.583,0,7.349,0,0,0
3.942,2.7719,1,0,0,0,0,31.6,2,0,0,0,3.44,2.777,9.207,0,0.969,1.141,0,0,0,1.22,0,0,1,0,1.95,0.003,0,0,5.294,0,0,0,0,3.542,1.739,0,8.127,0,1,0
3.966,2.9891,0,0,0,0,0,31.4,2,1,0,0,3.553,3.146,9.522,2,0.968,1.143,0,0,0,1.188,0,0,0,0,1.97,0,0,0,6.909,0,0,0,0,3.032,1.676,0,7.778,0,0,0
3.984,3.038,0,0,0,0,0,32,2,1,0,0,3.932,3.684,9.955,2,0.966,1.141,0,0,0,1.198,0,0,0,0,1.985,0,0,0,10.145,0,0,0,0,3.041,1.62,0,8.167,0,0,0
3.978,3.0183,0,0,0,0,0,31.7,2,1,0,0,3.76,3.44,9.762,2,0.966,1.142,0,0,0,1.196,0,0,0,0,1.98,0,0,0,8.527,0,0,0,0,3.037,1.643,0,7.991,0,0,0
4.444,3.6403,0,0,0,0,0,34.8,2,1,0,0.928,3.02,1.891,9.202,2,0.979,1.135,0,0,0,1.224,0,0,0,0,2.042,0.042,0,10.174,2.602,0,0,0,0,3.395,2.352,0,7.665,0,0,0
3.848,2.5702,0,0,0,0,0,29.2,2,1,0,0,2.826,2,8.584,1,0.975,1.147,0,0,0,1.153,0,0,0,0,1.879,-0.068,0,0,3.284,0,0,0,1,2.921,2.125,0,6.961,0,0,0
3.414,1.9747,0,0,0,0,0,28.6,2,0,0,0,2.118,1,7.408,0,0.958,1.148,0,0,0,1.177,0,0,0,0,1.618,-0.454,0,0,1.707,0,0,0,0,2.71,1.75,0,6.044,0,0,0
3.95,2.7989,0,0,0,0,0,31,2,1,0,0,3.364,2.807,9.296,1,0.969,1.143,0,0,0,1.18,0,0,0,0,1.956,-0.002,0,0,5.698,0,0,0,1,2.976,1.857,0,7.552,0,0,0
3.97,2.871,0,0,0,0,0,31.5,2,1,0,0,3.609,3.17,9.588,1,0.967,1.142,0,0,0,1.189,0,0,0,0,1.973,0,0,0,7.314,0,0,0,1,2.991,1.778,0,7.812,0,0,0
3.956,2.8203,0,0,0,0,0,31.1,2,1,0,0,3.431,2.974,9.377,1,0.968,1.143,0,0,0,1.183,0,0,0,0,1.962,0.001,0,0,6.102,0,0,0,1,2.98,1.833,0,7.624,0,0,0
3.962,2.8392,0,0,0,0,0,31.3,2,1,0,0,3.494,3,9.452,1,0.968,1.143,0,0,0,1.184,0,0,0,0,1.966,-0.001,0,0,6.505,0,0,0,1,2.984,1.813,0,7.691,0,0,0
3.932,2.7461,0,0,0,0,0,30.6,2,1,0,0,3.215,2.585,9.11,1,0.97,1.144,0,0,0,1.175,0,0,0,0,1.942,-0.006,0,0,4.891,0,0,0,1,2.964,1.917,0,7.391,0,0,0
3.973,2.8845,0,0,0,0,0,31.6,2,1,0,0,3.662,3.301,9.649,1,0.967,1.142,0,0,0,1.189,0,0,0,0,1.975,0,0,0,7.718,0,0,0,1,2.994,1.763,0,7.868,0,0,0
3.942,2.7744,0,0,0,0,0,30.8,2,1,0,0,3.292,2.777,9.207,1,0.97,1.144,0,0,0,1.175,0,0,0,0,1.95,0.003,0,0,5.294,0,0,0,1,2.971,1.885,0,7.475,0,0,0
3.919,2.7132,0,0,0,0,0,30.3,2,1,0,0,3.131,2.55,9.002,1,0.971,1.145,0,0,0,1.17,0,0,0,0,1.932,0.012,0,0,4.489,0,0,0,1,2.957,1.955,0,7.3,0,0,0
3.902,2.6742,0,0,0,0,0,30,2,1,0,0,3.039,2.322,8.881,1,0.972,1.145,0,0,0,1.162,0,0,0,0,1.919,-0.021,0,0,4.086,0,0,0,1,2.948,2,0,7.199,0,0,0
5.142,2.6103,0,0,0,0,4,58.3,0,0,0,0,3.606,0,10.417,0,0.976,1.087,0,0,0,1.373,6,0,0,0,2.435,0,0,0,1.322,0,0,0,0,3.991,1.905,0,8.815,0,0,0
5.31,3.1132,3,0,0,1,1,46.7,1,0,0,0,3.642,1.185,10.25,0,1.034,1.1,0,0,1,1.354,1,0,1,0,2.288,0.014,0,0,1.726,0,0,0,0,4.26,2.525,0,9.124,0,3,0
4.562,3.6818,0,0,0,0,0,26.7,1,1,0,0.093,2.653,0.918,9.184,2,0.998,1.158,0,0,0,1.176,0,0,0,0,2,-0.235,0,10.069,1.521,0,0,1,0,3.413,2.778,1,7.474,0,0,0
3.414,2.9601,0,0,0,0,0,42.9,0,0,1,0,2.376,1,7.408,0,0.998,1.131,0,0,0,1.329,0,0,0,0,1.618,-0.657,0,0,1.707,0,0,1,0,3.317,3.375,1,7.293,0,0,0
5.313,3.4485,2,0,0,0,2,37.5,0,3,0,0,3.63,1.16,10.388,6,1.065,1.109,0,0,0,1.275,1,0,1,0,2.311,-0.008,0,20.913,1.833,0,2,0,1,4.735,3.306,0,9.638,0,1,0
5.313,3.3918,2,0,0,0,2,38.9,1,2,0,0,3.615,1.16,10.388,4,1.033,1.108,0,0,0,1.321,1,0,1,0,2.311,-0.008,0,21.419,1.833,0,1,0,0,4.907,2.942,0,9.714,0,1,0
5.137,2.9663,2,0,0,0,1,38.9,0,2,0,0,3.611,1.455,10.236,2,1.033,1.108,0,0,0,1.318,1,0,1,0,2.236,-0.008,0,21.132,2.425,0,0,0,0,4.877,2.927,0,9.685,0,1,0
4.17,2.9838,0,0,0,0,0,30.8,1,1,0,0,2.466,0.971,8.597,1,0.989,1.144,0,0,0,1.172,0,0,0,0,1.848,0.376,0,0,1.542,0,0,0,1,3.152,2.867,0,6.996,0,0,0
3.618,2.2939,0,0,0,0,0,30.8,0,1,0,0,2.447,0,8.412,0,0.989,1.144,0,0,0,1.187,1,0,0,0,2,-0.204,0,0,0.579,0,0,0,0,3.078,1.9,0,6.8,0,0,0
4.796,3.4717,0,0,1,0,2,40,0,3,2,0,3.299,1.185,9.882,6,1.057,1.13,0,1,0,1.212,1,0,0,0,2.243,0.015,0,20.095,1.686,0,2,2,1,3.839,3.333,1,8.516,0,0,0
3.618,2.3239,0,0,0,0,0,38.5,0,0,0,0,2.46,0,8.412,0,0.964,1.128,0,0,0,1.304,1,0,0,0,2,-0.19,0,0,0.579,0,0,0,0,3.196,1.7,0,7.016,0,0,0
4.641,3.1184,0,0,0,0,2,40,0,2,0,0,3.203,1.261,9.714,4,1.004,1.125,0,0,0,1.221,1,0,0,0,2.214,0.014,0,0,1.783,0,2,0,0,3.653,2.233,0,8.111,0,0,0
4.642,3.221,0,0,0,0,2,41.2,0,2,0,0,3.118,1.187,9.631,4,1.011,1.122,0,0,0,1.217,1,0,0,0,2.2,-0.026,0,0,1.487,0,2,0,1,3.655,2.537,0,8.059,0,0,0
4.702,2.9801,0,0,2,0,2,39.1,1,2,3,-0.444,3.394,1.695,9.965,3,1.008,1.13,0,0,0,1.232,1,0,0,0,2.233,0.004,0,10.759,2.642,0,1,2,1,3.663,2.5,1,8.363,0,0,0
5.041,2.7382,0,0,2,0,3,46.2,0,2,1,-0.452,3.65,1.429,10.352,6,1.007,1.115,0,0,0,1.265,3,0,0,0,2.378,0,0,11.092,2.496,0,1,0,1,3.889,2.378,1,8.743,0,0,0
4.821,3.1015,0,0,1,0,2,40,1,2,2,-0.188,3.324,1.455,9.928,3,1.015,1.129,0,0,0,1.232,1,0,0,0,2.249,-0.008,0,10.543,2.209,0,2,3,2,3.688,2.773,1,8.326,0,0,0
4.679,3.215,0,0,0,0,2,40,0,2,0,0,3.203,1.261,9.715,4,1.004,1.125,0,0,0,1.213,1,0,0,0,2.222,0.014,0,0,1.695,0,2,0,0,3.658,2.233,0,8.111,0,0,0
4.813,3.2293,0,0,0,0,2,42.1,0,3,0,-0.941,3.335,1.273,9.947,6,1.027,1.12,0,0,0,1.204,1,0,0,0,2.259,-0.008,0,10.414,1.86,0,1,0,1,3.72,2.864,0,8.342,0,0,0
4.782,3.1205,0,0,0,0,2,42.1,0,3,0,-0.923,3.335,1.273,9.947,6,1.027,1.12,0,0,0,1.206,1,0,0,0,2.251,-0.008,0,10.36,1.951,0,1,0,1,3.713,2.864,0,8.342,0,0,0
4.17,3.0911,0,0,0,0,0,27.3,1,2,0,-0.745,2.512,0.971,8.597,2,1.028,1.151,0,0,0,1.068,0,0,0,0,1.848,0.413,0,9.368,1.542,0,0,0,1,3.321,3.633,0,7.252,0,0,0
4.17,3.141,1,0,0,0,0,22.2,1,2,0,-0.881,2.786,0.971,8.597,0,1.055,1.13,0,0,0,1.19,0,0,0,0,1.848,0.431,0,9.292,1.542,0,0,0,1,3.52,3.878,0,7.83,0,0,0
4.303,3.0303,2,0,0,0,0,25,2,1,0,0,3.122,1.459,8.815,0,1.042,1.147,0,0,0,1.168,0,0,1,0,1.932,-0.235,0,0,1.745,0,0,0,1,3.659,3.093,0,8.37,0,2,0
4.732,3.1349,0,0,0,0,2,44.4,2,0,0,0,2.97,0.875,9.579,0,0.968,1.115,0,0,0,1.323,1,0,0,0,2.194,0.041,0,0,0.854,0,0,0,0,3.641,1.917,0,7.944,0,0,0
5.506,6.0048,0,0,0,1,0,32.3,4,8,0,-3.252,4.172,2.798,10.911,17,1.01,1.141,0,0,0,1.159,0,0,0,0,2.408,0,0,48.77,3.427,0,0,0,0,3.673,2.658,0,8.954,0,0,0
4.347,3.2881,0,0,0,0,0,33.3,1,2,0,-0.318,3.223,2.3,9.338,4,0.99,1.139,0,0,0,1.189,0,0,0,0,2.011,0.014,0,10.504,4.098,0,0,0,0,3.423,2.424,0,7.847,0,0,0
5.05,1.922,0,0,0,0,0,31.6,1,6,0,-0.305,4.19,3.702,10.738,10,0.991,1.142,0,0,0,1.156,1,0,0,0,2.344,0,0,11.801,10.448,0,0,0,3,3.489,2.267,0,8.719,0,0,0
5.04,3.4097,0,0,0,0,2,44.4,0,4,0,-2.457,3.451,1.258,10.159,8,1.053,1.116,0,0,0,1.194,1,0,0,0,2.323,0.005,0,20.926,1.711,0,0,0,2,3.792,3.389,0,8.531,0,0,0
4.334,3.3321,1,0,0,0,0,26.7,1,2,0,-0.199,3.007,1.557,8.944,3,1.018,1.133,0,0,0,1.212,0,0,0,0,1.97,0.145,0,10.141,2.195,0,0,0,0,3.453,2.913,0,7.943,0,0,0
5.332,2.1568,1,0,0,0,6,44.7,3,4,0,0,4.232,0.596,11.081,15,1,1.109,0,0,0,1.299,3,0,0,0,2.383,0,0,13.31,2.893,0,3,0,0,4.441,2.243,0,9.662,0,0,0
5.355,2.2854,1,0,0,0,6,44.7,3,4,0,0,4.232,0.596,11.107,18,1,1.109,0,0,0,1.303,3,0,0,0,2.407,0,0,13.511,2.775,0,3,0,0,4.444,2.243,0,9.664,0,0,0
4.771,3.7643,0,0,1,0,0,29.5,3,3,1,0.045,3.62,2.705,9.959,3,0.99,1.148,0,0,0,1.15,0,0,0,0,2.182,0,0,11.716,5.013,0,0,3,2,3.441,2.422,1,8.122,0,0,0
4.771,3.3519,0,0,1,0,0,31,3,3,1,0.058,4.015,3.412,10.29,3,0.979,1.145,0,0,0,1.174,0,0,0,0,2.183,0,0,11.961,9.466,0,0,3,2,3.442,2.103,1,8.443,0,0,0
4.771,3.4769,0,0,1,0,0,30.5,3,3,1,0.055,3.859,3.118,10.156,3,0.983,1.146,0,0,0,1.167,0,0,0,0,2.183,0,0,11.887,7.554,0,0,3,2,3.442,2.212,1,8.313,0,0,0
4.771,3.4063,0,0,1,0,0,30.8,3,3,1,0.057,3.94,3.272,10.226,3,0.981,1.145,0,0,0,1.171,0,0,0,0,2.183,0,0,11.928,8.522,0,0,3,2,3.442,2.153,1,8.38,0,0,0
4.771,3.6907,0,0,1,0,0,29.8,3,3,1,0.048,3.673,2.753,10.001,3,0.988,1.148,0,0,0,1.156,0,0,0,0,2.183,0,0,11.762,5.536,0,0,3,2,3.441,2.37,1,8.164,0,0,0
4.77,3.8468,0,0,1,0,0,29.3,3,3,1,0.041,3.565,2.531,9.914,3,0.992,1.149,0,0,0,1.149,0,0,0,0,2.182,-0.001,0,11.659,4.484,0,0,3,2,3.441,2.479,1,8.08,0,0,0
4.771,3.5694,0,0,1,0,0,30.2,3,3,1,0.052,3.77,2.946,10.082,3,0.985,1.147,0,0,0,1.16,0,0,0,0,2.183,0,0,11.834,6.56,0,0,3,2,3.441,2.283,1,8.241,0,0,0
3.919,2.8061,0,0,2,0,0,29.4,2,0,2,0,3.118,2.55,9.002,0,0.965,1.149,0,0,0,1.18,0,0,0,0,1.932,0.012,0,0,4.489,0,0,2,1,2.977,1.682,1,7.292,0,0,0
3.802,2.5907,0,0,1,0,0,27.3,2,0,1,0,2.68,1.95,8.394,0,0.968,1.155,0,0,0,1.16,0,0,0,0,1.848,0.117,0,0,2.885,0,0,2,1,2.918,1.786,1,6.807,0,0,0
4.236,2.9061,0,0,1,0,0,30.4,1,0,1,0,3.427,2.79,9.593,0,0.964,1.146,0,0,0,1.203,0,0,0,0,1.987,0.001,0,0,6.005,0,0,1,0,3.087,1.633,1,7.721,0,0,0
3.802,2.4986,0,0,0,0,0,28.6,2,1,0,0,2.699,1.95,8.394,1,0.977,1.148,0,0,0,1.136,0,0,0,0,1.848,0.12,0,0,2.885,0,0,0,1,2.901,2.214,0,6.817,0,0,0
3.802,2.6121,0,0,0,0,0,27.3,2,0,2,0,2.68,1.95,8.394,0,0.968,1.155,0,0,0,1.156,0,0,0,0,1.848,0.117,0,0,2.885,0,0,2,1,2.922,1.786,1,6.805,0,0,0
4.373,3.0397,0,0,1,0,0,31.1,1,2,1,-0.03,3.844,3.425,9.977,3,0.976,1.144,0,0,0,1.18,0,0,0,0,2.037,0,0,11.106,8.717,0,0,1,2,3.341,2.03,1,8.247,0,0,0
3.802,2.9802,0,0,0,0,0,35.3,2,1,0,0,2.787,1.95,8.394,1,0.985,1.134,0,0,0,1.203,0,0,0,0,1.848,0.137,0,0,2.885,0,0,0,1,3.307,2.5,0,7.418,0,0,0
3.618,2.2821,0,0,0,0,0,26.7,2,1,0,0,2.386,1.522,7.853,1,0.983,1.152,0,0,0,1.115,0,0,0,0,1.732,0.342,0,0,2.094,0,0,0,1,2.833,2.5,0,6.446,0,0,0
3.414,2.1047,0,0,0,0,0,25,2,1,0,0,2.182,1,7.408,1,0.988,1.156,0,0,0,1.068,0,0,0,0,1.618,-0.547,0,0,1.707,0,0,0,1,2.768,2.75,0,6.192,0,0,0
5.173,3.698,0,0,0,1,0,27.3,3,2,0,0,2.876,1.5,9.921,2,0.993,1.151,0,0,0,1.121,0,0,0,0,2.157,-0.076,0,0,1.97,0,0,0,1,3.316,2.469,0,7.415,0,0,0
4.393,3.5829,0,0,0,0,0,34.5,4,1,0,2.631,3.203,2.187,9.562,1,0.975,1.136,0,0,0,1.225,0,0,0,0,2.048,0.013,0,0,3.684,0,0,0,1,3.348,2.167,0,7.905,0,0,0
4.303,3.2979,0,0,0,0,0,38.5,0,0,0,0,2.724,0.862,9.067,0,0.981,1.134,0,0,0,1.333,1,0,0,1,2.115,0.13,0,0,0.956,0,0,2,0,3.608,2,1,7.764,0,0,0
4.77,2.3282,0,0,0,0,0,35.7,2,0,0,1.395,3.101,1.185,9.882,0,0.963,1.133,0,0,0,1.246,1,0,0,0,2.236,0.011,0,0,1.74,2,0,0,0,3.376,1.733,0,7.741,0,0,0
4.372,3.3629,0,0,0,0,0,35.7,3,0,0,1.413,3.095,1.922,9.494,0,0.963,1.133,0,0,0,1.268,0,0,0,0,2.031,-0.022,0,0,3.412,0,0,0,0,3.294,1.9,0,7.754,0,0,0
4.17,2.9773,1,0,0,0,0,33.3,2,0,0,1.02,2.776,0.971,8.597,0,0.988,1.134,0,0,0,1.286,0,0,1,0,1.848,0.358,0,0,1.542,0,0,0,0,3.615,2.456,0,7.945,0,1,0
4.562,3.4629,0,0,0,0,0,28.6,2,2,0,-0.185,2.673,0.918,9.184,2,1.014,1.149,0,0,0,1.143,0,0,0,0,2,-0.242,0,9.894,1.521,0,0,0,1,3.393,3.333,0,7.452,0,0,0
4.17,3.0839,0,0,0,0,0,27.3,2,2,0,-0.19,2.512,0.971,8.597,1,1.028,1.151,0,0,0,1.111,0,0,0,0,1.848,0.414,0,9.563,1.542,0,0,0,1,3.295,3.633,0,7.23,0,0,0
4.17,2.9217,0,0,0,0,0,30.8,2,1,0,0.255,2.466,0.971,8.597,1,0.989,1.144,0,0,0,1.16,0,0,0,0,1.848,0.367,0,9.813,1.542,0,0,0,0,3.281,2.833,0,7.18,0,0,0
4.523,3.5349,0,0,0,0,0,33.3,2,2,0,0.087,3.056,1.837,9.454,4,0.998,1.139,0,0,0,1.169,0,0,0,0,2.074,0.045,0,21.121,2.57,0,0,0,0,3.436,2.87,0,7.845,0,0,0
4.808,2.7592,0,0,0,0,1,45.5,1,2,0,-0.202,3.41,1.695,9.972,4,1.003,1.113,0,0,0,1.272,1,0,0,0,2.236,0.004,0,21.841,2.668,0,0,0,0,3.669,2.708,0,8.419,0,0,0
4.414,3.1123,0,0,0,0,0,26.3,2,2,0,0,2.756,1.379,9.222,2,0.998,1.153,0,0,0,1.118,0,0,0,0,2,0.132,0,0,2.133,0,0,0,2,3.158,2.881,0,7.205,0,0,0
4.17,2.6098,0,0,0,0,0,25,2,0,1,0,2.373,0.971,8.597,0,0.97,1.161,0,0,0,1.13,0,0,0,0,1.848,0.324,0,0,1.542,0,0,2,2,2.994,2.167,1,6.645,0,0,0
4.845,3.2318,2,0,0,0,3,43.8,1,1,0,0,3.523,1.185,9.902,2,1.032,1.11,0,0,0,1.307,1,0,1,0,2.267,0.014,0,0,1.393,0,2,0,1,4.004,2.672,0,8.882,0,2,0
3,1.633,0,0,0,0,0,27.3,2,0,0,0,1.842,0.918,6.594,0,0.958,1.151,0,0,0,1.185,0,0,0,0,1.414,0.646,0,0,1.333,0,0,0,0,2.556,1.833,0,5.638,0,0,0
4.985,2.5678,0,0,0,0,3,52.2,0,1,0,0,3.499,0.569,10.158,3,0.989,1.099,0,0,0,1.304,2,0,0,0,2.327,0.001,0,0,2.096,0,1,0,1,3.769,2.231,0,8.538,0,0,0
5.116,2.9721,0,0,0,0,4,52.4,0,2,0,0,3.532,0.985,10.31,5,1.009,1.099,0,0,0,1.304,3,0,0,0,2.401,0.001,0,10.681,1.274,0,1,0,1,3.923,2.59,0,8.674,0,0,0
4.732,3.2306,0,0,0,0,2,43.8,1,1,0,0,2.998,0.875,9.579,3,0.991,1.117,0,0,0,1.271,1,0,0,0,2.194,0.044,0,0,0.854,0,1,0,1,3.656,2.417,0,7.976,0,0,0
4.796,3.2192,0,0,0,0,2,43.8,0,3,0,-1.032,3.261,1.185,9.882,6,1.04,1.117,0,0,0,1.207,1,0,0,0,2.243,0.015,0,10.242,1.686,0,1,0,2,3.718,3.2,0,8.3,0,0,0
4.953,3.3673,0,0,0,0,2,42.1,0,3,0,-0.97,3.335,1.273,9.975,7,1.027,1.12,0,0,0,1.205,1,0,0,0,2.288,-0.008,0,10.501,1.602,0,1,0,1,3.743,2.864,0,8.344,0,0,0
4.962,2.3207,0,0,0,0,2,50,0,1,0,0,3.558,0.544,10.193,4,0.986,1.104,0,0,0,1.292,2,0,0,0,2.307,-0.001,0,0,2.627,0,0,0,1,3.687,2.19,0,8.535,0,0,0
4.499,2.991,0,0,0,0,1,50,0,0,0,0,3,1.125,9.311,0,0.971,1.104,0,0,0,1.323,1,0,0,0,2.136,0.043,0,0,1.481,0,0,0,0,3.58,2.083,0,7.926,0,0,0
4.476,3.6059,0,0,1,0,0,29.4,1,2,1,-0.332,2.97,1.5,9.345,3,1.017,1.152,0,0,0,1.165,0,0,0,0,2.042,-0.085,0,20.443,2.34,0,0,1,1,3.443,3.167,1,7.831,0,0,0
4.17,3.1925,0,0,0,0,0,25,1,1,0,0.005,2.488,0.971,8.597,1,1.007,1.163,0,0,0,1.126,0,0,0,0,1.848,0.399,0,9.701,1.542,0,0,1,1,3.307,3.033,1,7.233,0,0,0
4.214,3.1463,0,0,0,0,0,26.7,2,1,0,0.039,2.642,1.459,8.755,1,0.998,1.158,0,0,0,1.156,0,0,0,0,1.902,-0.235,0,9.933,2.052,0,0,2,1,3.314,2.778,1,7.328,0,0,0
4.236,3.0132,0,0,0,0,0,32,0,4,0,-1.373,3.794,3.122,10.004,4,0.991,1.141,0,0,0,1.163,0,0,0,0,2,0,0,20.61,8.008,0,0,0,2,3.335,2.517,0,8.384,0,0,0
5.182,2.1825,0,0,0,0,0,35,0,4,0,-1.455,3.747,1.066,10.643,8,1.001,1.135,0,0,0,1.168,2,0,0,0,2.416,0,0,22.673,2.459,4,0,0,2,3.558,2.593,0,8.519,0,0,0
4.236,2.8868,0,0,0,0,0,30.8,1,2,0,-0.67,3.106,2.246,9.214,2,0.989,1.144,0,0,0,1.157,0,0,0,0,1.97,-0.024,0,10.032,3.888,0,0,0,1,3.329,2.567,0,7.657,0,0,0
4.236,2.894,0,0,0,0,0,31.3,1,2,0,-0.663,3.271,2.522,9.383,2,0.984,1.143,0,0,0,1.168,0,0,0,0,1.98,-0.007,0,10.134,4.746,0,0,0,1,3.329,2.389,0,7.783,0,0,0
4.236,2.889,0,0,0,0,0,31,1,2,0,-0.666,3.192,2.3,9.302,2,0.986,1.143,0,0,0,1.157,0,0,0,0,1.975,0.013,0,10.088,4.32,0,0,0,1,3.329,2.47,0,7.722,0,0,0
4.236,2.9005,0,0,0,0,0,31.4,1,2,0,-0.661,3.345,2.565,9.458,2,0.982,1.142,0,0,0,1.171,0,0,0,0,1.983,0.004,0,10.173,5.169,0,0,0,1,3.329,2.321,0,7.84,0,0,0
4.236,2.9225,0,0,1,0,0,30,1,2,1,-0.67,3.485,2.79,9.593,2,0.984,1.147,0,0,0,1.16,0,0,0,0,1.987,0.001,0,10.225,6.005,0,0,1,3,3.329,2.344,1,7.957,0,0,0
4.235,2.8896,0,0,0,0,0,30.4,1,2,0,-0.675,3.012,1.975,9.118,2,0.993,1.145,0,0,0,1.152,0,0,0,0,1.962,0.043,0,9.962,3.449,0,0,0,1,3.329,2.685,0,7.588,0,0,0
3.802,2.5517,0,0,0,0,0,26.3,2,2,0,0,2.736,1.95,8.394,2,0.998,1.153,0,0,0,1.085,0,0,0,0,1.848,0.132,0,0,2.885,0,0,0,2,2.918,2.786,0,6.888,0,0,0
4.233,2.9014,0,0,0,0,0,30,1,2,0,-0.682,2.909,1.906,9.011,2,0.998,1.146,0,0,0,1.132,0,0,0,0,1.95,-0.077,0,9.874,2.999,0,0,0,1,3.328,2.833,0,7.514,0,0,0
4.228,2.9295,0,0,0,0,0,29.4,1,2,0,-0.693,2.793,1.557,8.891,2,1.004,1.147,0,0,0,1.133,0,0,0,0,1.932,0.137,0,9.758,2.535,0,0,0,1,3.328,3.024,0,7.433,0,0,0
3.802,2.8911,0,0,0,0,0,23.5,2,3,0,0,2.771,1.95,8.394,0,1.024,1.159,0,0,0,1.048,0,0,0,0,1.848,0.148,0,0,2.885,0,0,0,2,2.997,3.071,0,7.008,0,0,0
4.214,2.9868,0,0,0,0,0,28.6,1,2,0,-0.711,2.662,1.459,8.755,2,1.014,1.149,0,0,0,1.122,0,0,0,0,1.902,-0.241,0,9.599,2.052,0,0,0,1,3.326,3.278,0,7.346,0,0,0
3.902,2.6773,0,0,2,0,0,26.7,2,0,2,0,3.038,2.322,8.881,0,0.972,1.158,0,0,0,1.145,0,0,0,0,1.919,-0.022,0,0,4.086,0,0,2,4,2.946,2,2,7.193,0,0,0
4.891,2.4203,0,0,0,0,3,50,1,0,0,0,3.542,0.816,10.187,0,0.971,1.104,0,0,0,1.321,2,0,0,0,2.314,-0.001,0,0,2.358,0,0,0,0,3.743,1.893,0,8.54,0,0,0
4.629,3.8347,1,0,0,0,0,28.6,1,2,0,-0.387,3.059,1.379,9.312,3,1.037,1.145,0,0,0,1.173,0,0,0,0,2.053,0.148,0,10.157,1.776,0,0,0,0,3.747,3.087,0,8.219,0,1,0
4.446,4.1882,0,0,0,0,0,33.3,0,4,0,-1.157,3.221,1.922,9.523,6,1.047,1.139,0,0,0,1.136,0,0,0,0,2.061,-0.029,0,20.631,3.132,0,0,0,0,3.532,3.233,0,8.118,0,0,0
4.334,3.7919,1,0,0,0,0,33.3,1,2,0,-0.475,3.087,1.557,8.944,1,1.052,1.134,0,0,0,1.196,0,0,0,0,1.97,0.156,0,9.986,2.195,0,0,0,0,3.652,3.254,0,8.211,0,1,0
4.796,3.2098,1,0,0,0,2,46.7,0,2,0,-0.956,3.413,1.185,9.882,4,1.042,1.107,0,0,0,1.268,1,0,1,0,2.243,0.015,0,10.295,1.686,0,1,0,1,3.896,3.011,0,8.669,0,1,0
4.641,3.0529,0,0,0,0,2,50,0,2,0,0,3.262,1.261,9.714,4,1.019,1.104,0,0,0,1.275,1,0,0,0,2.214,0.015,0,20.236,1.783,0,0,0,0,3.675,2.933,0,8.266,0,0,0
4.888,2.0945,0,0,0,0,2,51.7,0,2,0,-0.279,3.769,0.604,10.396,6,0.998,1.1,0,0,0,1.298,2,0,0,0,2.288,0,0,23.615,3.756,0,0,0,0,3.717,2.48,0,8.814,0,0,0
4.814,2.7288,0,0,6,0,0,27.3,3,0,9,0,3.269,1.299,10.002,0,0.978,1.159,0,0,0,1.164,1,0,0,0,2.288,0.004,0,0,1.413,0,0,3,0,3.387,1.75,3,7.796,0,0,0
5.814,2.4328,0,0,0,2,0,34.5,3,1,0,0,3.227,0.845,10.926,4,0.975,1.136,0,0,0,1.223,3,0,0,0,2.62,0.003,0,0,0.811,1,0,0,1,3.693,1.97,0,8.05,0,0,0
4.517,2.6149,0,0,0,0,1,42.9,1,0,0,0,3.061,1.409,9.391,0,0.967,1.119,0,0,0,1.292,1,0,0,0,2.149,-0.023,0,0,2.036,0,0,0,0,3.552,1.852,0,7.873,0,0,0
4.593,2.74,0,0,0,0,1,44.4,0,2,0,-0.786,3.233,1.461,9.665,2,1.011,1.116,0,0,0,1.245,1,0,0,0,2.175,0.014,0,10.169,2.298,0,0,0,1,3.59,2.783,0,8.192,0,0,0
4.658,2.9554,0,0,1,0,2,40,1,2,2,-0.115,3.324,1.455,9.9,3,1.015,1.129,0,0,0,1.227,1,0,0,0,2.22,-0.008,0,10.524,2.349,0,2,3,2,3.663,2.773,1,8.323,0,0,0
4.562,3.1195,0,0,0,0,2,43.8,1,1,0,0,2.998,0.875,9.54,2,0.991,1.117,0,0,0,1.265,1,0,0,0,2.17,0.044,0,0,1.14,0,1,0,1,3.634,2.417,0,7.972,0,0,0
3.414,2.2291,1,0,0,0,0,22.2,2,1,0,0,2.617,1,7.408,0,1.034,1.155,0,0,0,1.123,0,0,0,0,1.618,-0.606,0,0,1.707,0,0,0,1,3.545,3.278,0,7.686,0,1,0
4.414,3.0308,0,0,0,0,0,28.6,3,1,0,0,2.72,1.379,9.222,1,0.977,1.148,0,0,0,1.178,0,0,0,0,2,0.12,0,0,2.133,0,0,0,1,3.134,2.31,0,7.141,0,0,0
4.414,3.7075,0,0,0,0,0,29.4,3,2,0,-0.213,2.802,1.379,9.222,1,1.004,1.147,0,0,0,1.164,0,0,0,0,2,0.142,0,10.032,2.133,0,0,0,0,3.386,2.786,0,7.565,0,0,0
4.596,3.1935,0,0,1,0,0,41.2,2,0,1,0,2.984,0.875,9.54,0,0.979,1.127,0,0,0,1.301,1,0,0,0,2.175,0.043,0,0,1.069,0,0,3,0,3.649,2.042,1,7.98,0,0,0
4.732,3.4059,0,0,0,0,3,40,0,3,0,0,3.149,0.881,9.803,6,1.042,1.125,0,0,0,1.189,1,0,0,0,2.236,-0.027,0,0,0.95,0,3,0,3,3.721,3.222,0,8.164,0,0,0
4.562,3.804,0,0,0,0,0,30.8,4,2,0,-0.187,3.12,1.761,9.689,2,0.989,1.144,0,0,0,1.191,0,0,0,0,2.101,-0.024,0,10.413,2.874,0,0,0,0,3.399,2.433,0,7.825,0,0,0
4.343,3.4925,0,0,0,0,0,30,3,2,0,-0.196,2.917,1.5,9.309,3,0.998,1.146,0,0,0,1.156,0,0,0,0,2,-0.079,0,10.126,2.682,0,0,0,0,3.361,2.625,0,7.628,0,0,0
4.235,2.8488,0,0,0,0,0,32,2,1,0,0.325,2.985,1.975,9.118,1,0.976,1.141,0,0,0,1.204,0,0,0,0,1.962,0.04,0,10.407,3.449,0,0,0,0,3.291,2.241,0,7.537,0,0,0
4.763,4.0079,1,0,2,0,0,29.4,3,1,2,0.248,3.469,2.258,9.766,3,0.981,1.141,0,0,0,1.231,0,0,0,0,2.172,0.004,0,11.528,3.205,0,0,2,0,3.827,2.115,1,8.421,0,0,0
4.461,3.7991,0,1,0,0,0,21.1,2,3,2,0,3.064,1.891,9.202,2,1.038,1.173,0,0,0,1.072,0,0,0,0,2.053,0.049,0,9.739,2.244,0,0,4,2,3.324,3.333,2,7.631,0,0,0
4.868,3.1128,0,0,0,0,3,41.7,0,4,0,-1.017,3.57,1.733,10.201,6,1.03,1.121,0,0,0,1.199,1,0,0,0,2.293,0.001,0,10.227,2.922,0,2,0,2,3.748,2.94,0,8.581,0,0,0
4.95,3.1303,0,0,0,0,2,40.9,1,3,0,-0.49,3.404,1.695,10.017,8,1.018,1.123,0,0,0,1.216,1,0,0,0,2.287,0.004,0,11.083,2.322,0,1,0,1,3.743,2.75,0,8.374,1,0,0
4.923,3.283,0,0,1,0,2,41.2,0,2,3,-0.988,3.249,1.185,9.911,4,1.024,1.127,0,0,0,1.219,1,0,0,0,2.267,0.015,0,10.342,1.563,0,1,2,3,3.736,3,1,8.29,0,0,0
4.893,2.3173,1,0,0,0,4,50,0,1,0,0,3.74,0.648,10.32,3,0.998,1.102,0,0,0,1.318,2,0,1,0,2.312,0,0,0,2.866,0,2,0,1,3.908,2.285,0,8.928,0,1,0
4.811,2.9874,0,0,0,0,2,40.9,1,3,0,-0.363,3.404,1.695,9.991,7,1.018,1.123,0,0,0,1.215,1,0,0,0,2.256,0.004,0,11.052,2.45,0,1,0,1,3.713,2.75,0,8.372,1,0,0
4.922,3.3888,0,0,0,0,3,40,0,4,0,-1.048,3.427,1.258,10.152,8,1.042,1.125,0,0,0,1.18,1,0,0,0,2.309,0.005,0,10.443,1.768,0,2,0,2,3.777,3.097,0,8.462,0,0,0
4.522,1.8161,0,0,0,0,1,37.5,1,0,0,0,3.674,3.012,9.918,0,0.964,1.13,0,0,0,1.255,1,0,0,0,2.158,0,0,0,6.622,0,0,0,0,3.553,1.676,0,8.269,0,0,0
4.214,2.7112,0,0,0,0,0,27.8,3,1,0,0,2.567,1.459,8.755,1,0.979,1.15,0,0,0,1.157,0,0,0,0,1.902,-0.205,0,0,2.052,0,0,0,1,3.014,2.389,0,6.844,0,0,0
4.233,3.2003,0,0,0,0,0,30,2,2,0,-0.182,2.909,1.906,9.011,2,0.998,1.146,0,0,0,1.151,0,0,0,0,1.95,-0.079,0,10.096,2.999,0,0,0,0,3.347,2.583,0,7.543,0,0,0
4.414,3.6229,0,0,0,0,0,27.3,0,4,0,-2.625,2.909,1.379,9.222,4,1.098,1.152,0,0,0,1.075,0,0,0,0,2,0.167,0,18.858,2.133,0,0,0,2,3.463,4.405,0,7.839,0,0,0
5.098,3.1958,1,0,0,0,0,27.9,1,4,0,0,3.745,2.911,10.229,4,0.997,1.143,0,0,0,1.165,0,0,0,0,2.121,0,0,20.45,6.651,0,0,0,1,4.712,2.525,0,9.444,0,0,0
5.098,3.0951,1,0,0,0,0,28.6,1,3,0,0,3.682,2.75,10.195,3,0.989,1.142,0,0,0,1.187,0,0,0,0,2.121,-0.001,0,20.845,6.218,0,0,0,1,4.692,2.464,0,9.407,0,0,0
4.981,3.4898,2,0,2,0,4,50,0,1,2,0,4.344,1.16,10.115,2,1.047,1.087,0,0,0,1.414,1,1,0,0,2.32,-0.008,1,0,1.386,0,3,1,1,6.893,2.788,1,12.281,0,2,0
5.036,2.7173,2,0,2,0,4,40.5,1,2,2,-0.243,4.57,2.561,10.511,5,1.005,1.117,0,0,0,1.326,1,1,0,0,2.357,0,1,11.775,4.903,0,3,1,0,6.893,2.392,1,12.29,0,2,0
5.372,2.1207,1,0,0,0,1,34.6,1,3,0,0,4.004,3.23,10.606,9,0.987,1.13,0,0,0,1.233,1,0,0,0,2.327,0,0,23.741,7.358,0,1,0,0,4.715,2.208,0,9.575,0,0,0
4.972,3.2286,0,0,3,0,3,35.5,1,2,4,-0.452,3.594,1.697,10.363,5,1.001,1.139,0,0,0,1.22,1,0,0,0,2.327,-0.001,0,10.968,2.785,0,2,2,1,3.755,2.378,2,8.574,0,0,0
4.863,2.4468,1,0,0,0,3,54.5,0,0,0,0,3.621,0.569,10.135,0,0.988,1.092,0,0,0,1.348,2,0,1,0,2.3,0.001,0,0,2.241,0,1,0,0,3.89,2.085,0,8.838,0,1,0
4.236,2.8203,0,0,0,0,0,30.3,3,1,0,0,3.137,2.3,9.302,1,0.971,1.145,0,0,0,1.178,0,0,0,0,1.975,0.012,0,0,4.32,0,0,0,1,3.035,1.985,0,7.407,0,0,0
5.264,4.5243,2,0,0,0,0,20,1,3,2,-0.348,3.457,1.485,10.167,5,1.028,1.142,0,0,0,1.244,0,0,0,0,2.236,-0.027,0,21.57,2.108,0,0,1,1,4.591,3.031,1,9.322,0,0,0
4.882,3.3172,0,0,1,0,0,41.2,0,4,1,-2.405,3.459,1.258,10.136,6,1.069,1.127,0,0,0,1.179,1,0,0,0,2.288,0.005,0,20.675,2.011,0,0,3,2,3.778,3.472,1,8.552,0,0,0
4.897,2.3341,2,0,0,0,5,44.4,1,4,0,-0.437,4.157,1.499,10.769,9,1.028,1.112,0,0,0,1.266,2,0,1,0,2.329,0,0,11.292,4.478,0,5,0,0,4.015,2.503,0,9.388,0,2,0
4.97,2.2668,1,0,3,0,1,41.4,1,2,3,1.299,3.767,0.625,10.368,3,1.005,1.115,0,0,0,1.275,2,0,0,0,2.313,0,0,11.908,3.309,0,1,3,1,3.92,2.281,1,8.916,0,0,0
4.691,3.8787,0,0,0,0,0,25,0,4,1,-2.498,3.125,1.436,9.666,4,1.066,1.161,0,0,0,1.078,0,0,0,0,2.117,0.052,0,19.617,2.428,0,0,2,4,3.483,4.019,1,8.015,0,0,0
4.732,3.1739,0,0,0,0,0,42.9,0,2,2,-0.942,3.162,1.187,9.642,4,1.037,1.125,0,0,0,1.215,1,0,0,0,2.194,-0.027,0,10.161,1.659,0,0,2,1,3.678,3.037,1,8.191,0,0,0
4.214,2.7164,0,0,0,0,0,27.8,2,1,0,0,2.567,1.459,8.755,1,0.979,1.15,0,0,0,1.146,0,0,0,0,1.902,-0.206,0,0,2.052,0,0,0,1,3.044,2.389,0,6.861,0,0,0
4.543,2.7781,0,0,0,0,1,47.4,0,2,0,-0.922,3.335,1.705,9.722,2,1.01,1.109,0,0,0,1.253,1,0,0,0,2.166,-0.008,0,10.086,2.905,0,0,0,1,3.615,2.758,0,8.319,0,0,0
4.739,2.6454,0,0,2,0,1,39.1,0,2,1,-0.959,3.394,1.695,9.972,2,1.008,1.13,0,0,0,1.218,1,0,0,0,2.212,0.004,0,10.379,2.815,0,0,2,3,3.585,2.764,1,8.319,0,0,0
4.236,2.8627,0,0,0,0,0,32.3,2,1,0,0.334,3.169,2.3,9.302,1,0.973,1.141,0,0,0,1.2,0,0,0,0,1.975,0.012,0,10.533,4.32,0,0,0,0,3.292,2.106,0,7.678,0,0,0
2,1.077,0,0,0,0,0,14.3,1,0,0,0,1.486,0,4.174,0,0.981,1.19,0,0,0,0.964,0,0,0,0,1,-0.973,0,0,1,0,0,0,2,2.186,3,1,4.703,0,0,0
4.628,2.8548,0,0,0,0,2,45,0,3,0,-0.983,3.427,1.695,9.945,4,1.026,1.114,0,0,0,1.224,1,0,0,0,2.213,0.004,0,10.103,2.95,0,1,0,2,3.673,3,0,8.439,0,0,0
4.833,3.0519,0,0,0,0,2,40.9,1,3,0,-0.409,3.404,1.695,9.991,7,1.018,1.123,0,0,0,1.215,1,0,0,0,2.263,0.004,0,11.064,2.414,0,1,0,1,3.72,2.75,0,8.372,1,0,0
5.262,4.0668,4,0,0,0,0,27.3,3,1,0,0,3.938,2.498,10.298,3,0.975,1.125,0,0,0,1.329,0,0,0,0,2.255,0,0,12.727,2.904,0,0,0,0,4.834,1.93,0,9.697,0,0,0
5.073,2.9169,0,0,0,0,2,37.5,2,6,0,-1.952,4.054,2.729,10.621,13,1.012,1.13,0,0,0,1.19,1,0,0,0,2.353,0,0,35.588,5.327,0,0,0,0,3.796,2.597,0,8.943,2,0,0
5.04,3.4948,0,0,0,0,0,41.2,0,4,2,-2.631,3.459,1.258,10.159,6,1.069,1.127,0,0,0,1.18,1,0,0,0,2.323,0.005,0,20.823,1.711,0,0,3,2,3.808,3.472,1,8.553,0,0,0
4.303,3.0448,0,0,0,0,0,31.3,2,1,0,0.343,2.623,1.459,8.815,2,0.984,1.143,0,0,0,1.151,0,0,0,0,1.932,-0.218,0,10.181,1.745,0,0,0,0,3.299,2.611,0,7.257,0,0,0
4.732,3.2092,0,0,0,0,0,42.9,0,2,1,-0.99,3.162,1.187,9.642,2,1.037,1.125,0,0,0,1.215,1,0,0,0,2.194,-0.027,0,10.138,1.659,0,0,3,1,3.685,3.037,1,8.194,0,0,0
4.895,3.3371,0,0,0,0,3,41.2,0,4,0,-1.139,3.36,1.16,10.099,8,1.056,1.123,0,0,0,1.179,1,0,0,0,2.292,-0.008,0,10.272,1.696,0,2,0,3,3.776,3.424,0,8.425,0,0,0
4.77,3.0868,0,0,0,0,2,44.4,1,2,0,0.014,3.239,1.185,9.882,4,1.011,1.116,0,0,0,1.253,1,0,0,0,2.236,0.014,0,10.675,1.74,0,1,0,1,3.704,2.8,0,8.275,0,0,0
4.967,3.2547,0,0,0,0,3,39.1,1,4,0,-1.152,3.49,1.508,10.188,9,1.032,1.127,0,0,0,1.187,1,0,0,0,2.318,-0.002,0,10.49,2.155,0,2,0,2,3.785,2.974,0,8.49,0,0,0
5.319,3.2398,3,0,4,0,0,23.3,3,7,4,0,4.168,2.155,10.928,14,1.043,1.154,0,0,0,1.14,1,0,0,0,2.425,0,0,12.568,3.286,0,0,2,6,4.396,3.009,2,9.56,0,2,0
5.297,2.9587,0,0,6,0,0,33.3,0,2,9,-0.677,3.591,0.802,10.655,7,1.03,1.152,0,0,0,1.22,3,0,0,1,2.505,-0.001,0,23.161,1.097,0,0,5,0,3.948,2.69,4,8.762,0,0,0
4.939,1.4586,0,0,3,0,4,37.3,1,4,2,0,4.241,0.659,10.787,9,0.99,1.131,0,0,0,1.214,2,0,0,0,2.322,0,0,0,10.312,0,1,2,4,3.733,2.2,1,9.017,0,0,0
5.26,2.8955,0,0,4,0,0,33.3,0,2,8,-0.722,3.53,0.808,10.537,7,1.039,1.154,0,0,0,1.216,3,0,0,1,2.476,0.001,0,22.814,0.979,0,0,5,1,3.903,2.782,4,8.68,0,0,0
