volAc,chlorides,density,fixAc,totalSuDi,citAc,resSu,pH,sulphates,freeSulDi,alcohol,quality*
0.65,0.065,0.9946,7.3,21.0,0.0,1.2,3.39,0.47,15.0,10.0,Superior
0.58,0.073,0.9968,7.8,18.0,0.02,2.0,3.36,0.57,9.0,9.5,Superior
0.28,0.092,0.9969,8.5,103.0,0.56,1.8,3.3,0.75,35.0,10.5,Superior
0.38,0.066,0.9968,8.1,30.0,0.28,2.1,3.23,0.73,13.0,9.7,Superior
0.52,0.085,0.9968,7.5,35.0,0.16,1.9,3.38,0.62,12.0,9.5,Superior
0.59,0.065,0.9962,8.0,16.0,0.16,1.8,3.42,0.92,3.0,10.5,Superior
0.835,0.046,0.9924,5.4,93.0,0.08,1.2,3.57,0.85,13.0,13.0,Superior
0.32,0.056,0.99695,9.6,24.0,0.47,1.4,3.22,0.82,9.0,10.3,Superior
0.3,0.095,0.9994,12.8,28.0,0.74,2.6,3.2,0.77,9.0,10.8,Superior
0.3,0.095,0.9994,12.8,28.0,0.74,2.6,3.2,0.77,9.0,10.8,Superior
0.3,0.054,0.998,11.0,19.0,0.58,2.1,3.31,0.88,7.0,10.5,Superior
0.48,0.054,0.9927,5.2,106.0,0.04,1.6,3.54,0.62,19.0,12.2,Superior
0.21,0.075,1.00005,15.0,24.0,0.44,2.2,3.07,0.84,10.0,9.2,Superior
0.21,0.075,1.00005,15.0,24.0,0.44,2.2,3.07,0.84,10.0,9.2,Superior
0.31,0.085,0.99965,10.0,33.0,0.47,2.6,3.36,0.8,14.0,10.5,Superior
0.26,0.071,0.9968,11.8,10.0,0.52,1.8,3.2,0.72,6.0,10.2,Superior
0.35,0.078,0.9973,7.9,37.0,0.46,3.6,3.35,0.86,15.0,12.8,Superior
0.32,0.073,0.9976,10.3,13.0,0.45,6.4,3.23,0.82,5.0,12.6,Superior
0.4,0.087,0.9991,8.9,47.0,0.32,5.6,3.38,0.77,10.0,10.5,Superior
0.27,0.358,0.9972,7.7,10.0,0.68,3.5,3.25,1.08,5.0,9.9,Superior
0.4,0.087,0.9991,8.9,47.0,0.32,5.6,3.38,0.77,10.0,10.5,Superior
0.52,0.091,0.9976,8.7,49.0,0.09,2.5,3.34,0.86,20.0,10.6,Superior
0.52,0.091,0.9976,8.7,49.0,0.09,2.5,3.34,0.86,20.0,10.6,Superior
0.66,0.083,0.9989,9.8,59.0,0.39,3.2,3.37,0.71,21.0,11.5,Superior
0.66,0.083,0.9989,9.8,59.0,0.39,3.2,3.37,0.71,21.0,11.5,Superior
0.53,0.121,0.9978,11.6,14.0,0.66,3.65,3.05,0.74,6.0,11.5,Superior
0.65,0.078,0.9963,7.9,38.0,0.01,2.5,3.34,0.74,17.0,11.7,Superior
0.695,0.128,0.9992,11.9,21.0,0.53,3.4,3.17,0.84,7.0,12.2,Superior
0.28,0.082,0.9997,12.5,29.0,0.54,2.3,3.11,1.36,12.0,9.8,Superior
0.815,0.072,0.9955,6.6,34.0,0.02,2.7,3.58,0.89,17.0,12.3,Superior
0.42,0.116,0.997,10.5,29.0,0.66,2.95,3.24,0.75,12.0,11.7,Superior
0.43,0.109,1.0,11.9,23.0,0.66,3.1,3.15,0.85,10.0,10.4,Superior
0.615,0.083,1.0022,12.8,42.0,0.66,5.8,3.07,0.73,7.0,10.0,Superior
0.615,0.083,1.0022,12.8,42.0,0.66,5.8,3.07,0.73,7.0,10.0,Superior
0.27,0.074,0.9962,9.4,18.0,0.53,2.4,3.2,1.13,6.0,12.0,Superior
0.54,0.124,0.9984,11.5,15.0,0.71,4.4,3.01,0.83,6.0,11.8,Superior
0.27,0.074,0.9962,9.4,18.0,0.53,2.4,3.2,1.13,6.0,12.0,Superior
0.38,0.096,0.9982,9.6,49.0,0.31,2.5,3.19,0.7,16.0,10.0,Superior
0.85,0.045,0.9924,5.6,88.0,0.05,1.4,3.56,0.82,12.0,12.9,Superior
0.37,0.066,1.0004,12.0,38.0,0.76,4.2,3.22,0.6,7.0,13.0,Superior
0.39,0.093,0.9996,12.0,30.0,0.66,3.0,3.18,0.63,12.0,10.8,Superior
0.4,0.097,0.9986,9.9,19.0,0.53,6.7,3.27,0.82,6.0,11.7,Superior
0.56,0.089,0.9972,9.5,67.0,0.33,2.4,3.28,0.73,35.0,11.8,Superior
0.84,0.059,0.9952,6.6,48.0,0.03,2.3,3.52,0.56,32.0,12.3,Superior
0.24,0.066,0.9978,10.5,24.0,0.47,2.1,3.15,0.9,6.0,11.0,Superior
0.84,0.059,0.9952,6.6,48.0,0.03,2.3,3.52,0.56,32.0,12.3,Superior
0.24,0.066,0.9978,10.5,24.0,0.47,2.1,3.15,0.9,6.0,11.0,Superior
0.31,0.072,0.9987,12.6,29.0,0.72,2.2,2.88,0.82,6.0,9.8,Superior
0.685,0.1,1.0032,15.6,43.0,0.76,3.7,2.95,0.68,6.0,11.2,Superior
0.44,0.077,0.9963,10.0,19.0,0.49,2.7,3.23,0.63,11.0,11.6,Superior
0.57,0.054,0.9934,5.3,27.0,0.01,1.7,3.57,0.84,5.0,12.5,Superior
0.33,0.084,0.9998,10.4,22.0,0.63,2.8,3.26,0.74,5.0,11.2,Superior
0.62,0.086,0.9988,11.3,19.0,0.67,5.2,3.22,0.69,6.0,13.4,Superior
0.33,0.084,0.9998,10.4,22.0,0.63,2.8,3.26,0.74,5.0,11.2,Superior
0.3,0.08,0.9964,9.4,17.0,0.56,2.8,3.15,0.92,6.0,11.7,Superior
0.32,0.081,1.0002,11.6,67.0,0.55,2.8,3.32,0.92,35.0,10.8,Superior
0.41,0.055,0.9952,9.2,25.0,0.5,2.5,3.34,0.79,12.0,13.3,Superior
0.4,0.052,0.995,8.9,27.0,0.51,2.6,3.32,0.9,13.0,13.4,Superior
0.35,0.07,0.9972,10.7,16.0,0.53,2.6,3.15,0.65,5.0,11.0,Superior
0.35,0.07,0.9972,10.7,16.0,0.53,2.6,3.15,0.65,5.0,11.0,Superior
0.44,0.074,0.999,10.4,76.0,0.73,6.55,3.17,0.85,38.0,12.0,Superior
0.44,0.074,0.999,10.4,76.0,0.73,6.55,3.17,0.85,38.0,12.0,Superior
0.26,0.078,0.9976,10.5,24.0,0.47,1.9,3.18,1.04,6.0,10.9,Superior
0.24,0.077,0.9976,10.5,22.0,0.42,1.8,3.21,1.05,6.0,10.8,Superior
0.49,0.072,0.9968,10.2,26.0,0.63,2.9,3.16,0.78,10.0,12.5,Superior
0.24,0.075,0.9976,10.4,21.0,0.46,1.8,3.25,1.02,6.0,10.8,Superior
0.29,0.084,0.9986,13.3,43.0,0.75,2.8,3.04,0.68,23.0,11.4,Superior
0.51,0.107,0.9973,10.5,15.0,0.64,2.4,3.09,0.66,6.0,11.8,Superior
0.51,0.107,0.9973,10.5,15.0,0.64,2.4,3.09,0.66,6.0,11.8,Superior
0.35,0.066,1.0014,12.9,35.0,0.49,5.8,3.2,0.66,5.0,12.0,Superior
0.28,0.074,0.9976,12.0,21.0,0.49,1.9,2.98,0.66,10.0,9.9,Superior
0.33,0.093,1.0002,11.8,80.0,0.49,3.4,3.3,0.76,54.0,10.7,Superior
0.31,0.094,0.9986,11.1,47.0,0.49,2.7,3.12,1.02,16.0,10.6,Superior
0.42,0.06,0.9917,5.0,50.0,0.24,2.0,3.72,0.74,19.0,14.0,Superior
0.29,0.059,0.9976,10.2,13.0,0.49,2.6,3.05,0.74,5.0,10.5,Superior
0.41,0.072,0.9973,9.4,20.0,0.48,4.6,3.34,0.79,10.0,12.2,Superior
0.915,0.143,0.9964,7.7,23.0,0.12,2.2,3.35,0.65,7.0,10.2,Superior
0.64,0.115,0.9984,7.8,11.0,0.1,6.0,3.37,0.69,5.0,10.1,Superior
0.48,0.066,0.9964,8.7,28.0,0.3,2.8,3.33,0.67,10.0,11.2,Superior
0.5,0.073,0.998,12.0,42.0,0.59,1.4,2.92,0.68,23.0,10.5,Superior
0.37,0.038,0.99526,9.3,42.0,0.44,1.6,3.24,0.81,21.0,10.8,Superior
0.585,0.044,0.99264,5.1,86.0,0.0,1.7,3.56,0.94,14.0,12.9,Superior
0.28,0.052,0.99356,8.2,10.0,0.4,2.4,3.33,0.7,4.0,12.8,Superior
0.25,0.041,0.99386,8.4,10.0,0.39,2.0,3.27,0.71,4.0,12.5,Superior
0.28,0.052,0.99356,8.2,10.0,0.4,2.4,3.33,0.7,4.0,12.8,Superior
0.42,0.048,0.99154,4.9,42.0,0.0,2.1,3.71,0.74,16.0,14.0,Superior
0.27,0.05,0.9951,7.5,8.0,0.34,2.3,3.4,0.64,4.0,11.0,Superior
0.57,0.065,0.99417,7.8,45.0,0.09,2.3,3.46,0.74,34.0,12.7,Superior
0.28,0.012,0.99064,6.7,100.0,0.28,2.4,3.26,0.39,36.0,11.7,Superior
0.28,0.012,0.99064,6.7,100.0,0.28,2.4,3.26,0.39,36.0,11.7,Superior
0.31,0.075,0.99672,10.1,28.0,0.35,1.6,3.24,0.83,9.0,11.2,Superior
0.42,0.085,0.99736,11.1,34.0,0.47,2.65,3.24,0.77,9.0,12.1,Superior
0.735,0.071,0.99538,7.6,14.0,0.02,2.5,3.51,0.71,10.0,11.7,Superior
0.26,0.073,0.99594,8.2,47.0,0.34,2.5,3.4,0.78,16.0,11.3,Superior
0.28,0.054,0.99686,11.7,32.0,0.47,1.7,3.15,0.67,17.0,10.6,Superior
0.21,0.067,0.99552,9.1,10.0,0.37,1.6,3.23,0.58,6.0,11.1,Superior
0.38,0.104,0.99664,10.4,10.0,0.46,2.1,3.12,0.65,6.0,11.8,Superior
0.31,0.109,0.99614,8.8,16.0,0.4,2.8,3.31,0.79,7.0,11.8,Superior
0.52,0.066,0.99577,10.7,56.0,0.38,2.6,3.15,0.79,29.0,12.1,Superior
0.31,0.078,0.99444,8.3,43.0,0.39,2.4,3.31,0.77,17.0,12.5,Superior
0.31,0.078,0.99444,8.3,43.0,0.39,2.4,3.31,0.77,17.0,12.5,Superior
0.635,0.08,0.99736,7.4,33.0,0.1,2.4,3.58,0.69,16.0,10.8,Superior
0.635,0.08,0.99736,7.4,33.0,0.1,2.4,3.58,0.69,16.0,10.8,Superior
0.59,0.06,0.9962,6.8,18.0,0.06,6.0,3.41,0.59,11.0,10.8,Superior
0.59,0.06,0.9962,6.8,18.0,0.06,6.0,3.41,0.59,11.0,10.8,Superior
0.395,0.094,0.99639,9.4,10.0,0.46,4.6,3.27,0.64,3.0,12.2,Superior
0.22,0.064,0.99604,8.6,77.0,0.36,1.9,3.47,0.87,53.0,11.0,Superior
0.33,0.063,0.99468,8.7,19.0,0.38,3.3,3.3,0.73,10.0,12.0,Superior
0.38,0.068,0.99356,7.2,42.0,0.38,2.8,3.34,0.72,23.0,12.9,Superior
0.33,0.074,0.99509,9.6,25.0,0.52,2.2,3.36,0.76,13.0,12.4,Superior
0.27,0.082,0.99484,9.9,17.0,0.49,5.0,3.19,0.52,9.0,12.5,Superior
0.43,0.092,0.99834,10.1,52.0,0.4,2.6,3.22,0.64,13.0,10.0,Superior
0.5,0.094,0.99864,9.8,45.0,0.34,2.3,3.24,0.6,10.0,9.7,Superior
0.3,0.09,0.99498,8.3,24.0,0.49,3.8,3.27,0.64,11.0,12.1,Superior
0.44,0.071,0.99566,10.2,20.0,0.42,2.0,3.14,0.79,7.0,11.1,Superior
0.44,0.092,0.99745,10.2,24.0,0.58,4.1,3.29,0.99,11.0,12.0,Superior
0.28,0.093,0.99408,8.3,12.0,0.48,2.1,3.26,0.62,6.0,12.4,Superior
0.12,0.075,0.99552,8.9,21.0,0.45,1.8,3.41,0.76,10.0,11.9,Superior
0.12,0.075,0.99552,8.9,21.0,0.45,1.8,3.41,0.76,10.0,11.9,Superior
0.12,0.075,0.99552,8.9,21.0,0.45,1.8,3.41,0.76,10.0,11.9,Superior
0.28,0.093,0.99408,8.3,12.0,0.48,2.1,3.26,0.62,6.0,12.4,Superior
0.31,0.058,0.99536,8.2,10.0,0.4,2.2,3.31,0.68,6.0,11.2,Superior
0.34,0.052,0.99458,10.2,9.0,0.48,2.1,3.2,0.69,5.0,12.1,Superior
0.57,0.12,0.99519,6.4,36.0,0.12,2.3,3.47,0.71,25.0,11.3,Superior
0.38,0.103,0.99604,9.0,10.0,0.41,2.4,3.13,0.58,6.0,11.9,Superior
0.38,0.104,0.99643,10.1,13.0,0.5,2.4,3.22,0.65,6.0,11.6,Superior
0.33,0.073,0.99658,8.8,13.0,0.41,5.9,3.3,0.62,7.0,12.1,Superior
0.4,0.061,0.99416,7.0,29.0,0.32,3.6,3.28,0.49,9.0,11.3,Superior
0.34,0.066,0.9947,9.8,7.0,0.39,1.4,3.19,0.55,3.0,11.4,Superior
0.66,0.087,0.99378,5.6,11.0,0.0,2.2,3.71,0.63,3.0,12.8,Superior
0.66,0.087,0.99378,5.6,11.0,0.0,2.2,3.71,0.63,3.0,12.8,Superior
0.43,0.062,0.99495,7.5,12.0,0.3,2.2,3.44,0.72,6.0,11.5,Superior
0.35,0.058,0.99676,9.9,47.0,0.38,1.5,3.26,0.82,31.0,10.6,Superior
0.29,0.063,0.99516,9.1,27.0,0.33,2.05,3.26,0.84,13.0,11.7,Superior
0.36,0.067,0.9928,6.8,8.0,0.32,1.8,3.36,0.55,4.0,12.8,Superior
0.36,0.067,0.9928,6.8,8.0,0.32,1.8,3.36,0.55,4.0,12.8,Superior
0.29,0.063,0.99516,9.1,27.0,0.33,2.05,3.26,0.84,13.0,11.7,Superior
0.3,0.064,0.99516,9.1,25.0,0.34,2.0,3.26,0.84,12.0,11.7,Superior
0.35,0.11,0.99549,8.9,24.0,0.4,3.6,3.23,0.7,12.0,12.0,Superior
0.28,0.067,0.99354,8.9,12.0,0.45,1.7,3.25,0.55,7.0,12.3,Superior
0.38,0.068,0.99486,8.9,28.0,0.4,2.2,3.27,0.75,12.0,12.6,Superior
0.58,0.088,0.99568,7.7,18.0,0.01,1.8,3.32,0.56,12.0,10.5,Superior
0.58,0.088,0.99568,7.7,18.0,0.01,1.8,3.32,0.56,12.0,10.5,Superior
0.59,0.091,0.99488,7.1,14.0,0.0,2.1,3.42,0.55,9.0,11.5,Superior
0.55,0.093,0.99514,7.3,15.0,0.01,1.8,3.35,0.58,9.0,11.0,Superior
0.37,0.085,0.99683,10.1,17.0,0.34,2.4,3.17,0.65,5.0,10.6,Superior
0.31,0.082,0.99356,7.6,35.0,0.34,2.5,3.22,0.59,26.0,12.5,Superior
0.41,0.078,0.9953,8.7,42.0,0.41,6.2,3.24,0.77,25.0,12.6,Superior
0.39,0.069,0.99859,9.5,39.0,0.41,8.9,3.29,0.81,18.0,10.9,Superior
0.33,0.07,0.99426,8.3,20.0,0.42,2.3,3.38,0.77,9.0,12.7,Superior
0.48,0.101,0.99586,8.9,10.0,0.53,4.0,3.21,0.59,3.0,12.1,Superior
0.53,0.093,0.9971,9.9,52.0,0.57,2.4,3.19,0.76,30.0,11.6,Superior
0.48,0.101,0.99586,8.9,10.0,0.53,4.0,3.21,0.59,3.0,12.1,Superior
0.4,0.071,0.99462,9.1,16.0,0.5,1.8,3.21,0.69,7.0,12.5,Superior
0.52,0.07,0.99358,6.6,26.0,0.08,2.4,3.4,0.72,13.0,12.5,Superior
0.31,0.06,0.99572,11.1,10.0,0.53,2.2,3.02,0.83,3.0,10.9,Superior
0.31,0.06,0.99572,11.1,10.0,0.53,2.2,3.02,0.83,3.0,10.9,Superior
0.33,0.057,0.99498,9.3,37.0,0.45,1.5,3.18,0.89,19.0,11.1,Superior
0.25,0.071,0.99769,9.1,67.0,0.34,2.0,3.44,0.86,45.0,10.2,Superior
0.3,0.05,0.99316,7.9,278.0,0.68,8.3,3.01,0.51,37.5,12.3,Superior
0.3,0.05,0.99316,7.9,289.0,0.68,8.3,3.01,0.51,37.5,12.3,Superior
0.34,0.055,0.99738,8.5,9.0,0.4,4.7,3.38,0.66,3.0,11.6,Superior
0.41,0.095,0.99735,11.6,41.0,0.54,1.5,3.02,0.76,22.0,9.9,Superior
0.41,0.095,0.99735,11.6,41.0,0.54,1.5,3.02,0.76,22.0,9.9,Superior
0.26,0.083,0.99451,10.0,74.0,0.54,1.9,2.98,0.63,42.0,11.8,Superior
0.31,0.079,0.99615,9.2,31.0,0.36,2.2,3.33,0.86,11.0,12.0,Superior
0.31,0.216,0.99358,8.0,16.0,0.45,2.1,3.15,0.81,5.0,12.5,Superior
0.3,0.068,0.99523,9.1,24.0,0.41,2.0,3.27,0.85,10.0,11.7,Superior
0.42,0.092,0.99471,5.4,55.0,0.27,2.0,3.78,0.64,23.0,12.3,Superior
0.54,0.076,0.99235,7.9,17.0,0.34,2.5,3.2,0.72,8.0,13.1,Superior
0.24,0.055,0.99394,8.8,27.0,0.35,1.7,3.14,0.59,13.0,11.3,Superior
0.36,0.075,0.9933,7.4,38.0,0.34,1.8,3.38,0.88,18.0,13.6,Superior
0.48,0.089,0.99684,7.2,18.0,0.07,5.5,3.37,0.68,10.0,11.2,Superior
0.28,0.061,0.99524,8.5,15.0,0.35,1.7,3.3,0.74,6.0,11.8,Superior
0.41,0.071,0.99702,10.0,14.0,0.45,6.2,3.21,0.49,6.0,11.8,Superior
0.33,0.067,0.99473,8.2,12.0,0.32,2.8,3.3,0.76,4.0,12.8,Superior
0.18,0.071,0.99524,8.5,88.0,0.51,1.75,3.33,0.76,45.0,11.8,Superior
0.51,0.042,0.9924,5.1,101.0,0.18,2.1,3.46,0.87,16.0,12.9,Superior
0.36,0.087,0.99676,10.6,20.0,0.57,2.3,3.14,0.72,6.0,11.1,Superior
0.32,0.075,0.99434,8.5,19.0,0.42,2.3,3.14,0.71,12.0,11.8,Superior
0.33,0.074,0.99528,8.2,48.0,0.39,2.5,3.32,0.88,29.0,12.4,Superior
0.66,0.052,0.99318,7.1,11.0,0.0,2.4,3.35,0.66,6.0,12.7,Superior
0.25,0.063,0.99439,7.2,41.0,0.37,2.5,3.52,0.8,11.0,12.4,Superior
0.34,0.065,0.99419,7.9,10.0,0.36,1.9,3.27,0.54,5.0,11.2,Superior
0.42,0.068,0.99516,8.6,12.0,0.39,1.8,3.35,0.69,6.0,11.7,Superior
0.36,0.074,0.99534,7.2,44.0,0.46,2.1,3.4,0.85,24.0,11.0,Superior
0.36,0.074,0.99534,7.2,44.0,0.46,2.1,3.4,0.85,24.0,11.0,Superior
0.36,0.074,0.99534,7.2,44.0,0.46,2.1,3.4,0.85,24.0,11.0,Superior
0.36,0.074,0.99534,7.2,44.0,0.46,2.1,3.4,0.85,24.0,11.0,Superior
0.39,0.071,0.99428,6.2,24.0,0.43,2.0,3.45,0.87,14.0,11.2,Superior
0.42,0.044,0.99157,5.1,88.0,0.0,1.8,3.68,0.73,18.0,13.6,Superior
0.49,0.044,0.9908,5.5,87.0,0.03,1.8,3.5,0.82,28.0,14.0,Superior
0.3,0.062,0.9948,9.8,9.0,0.39,1.7,3.14,0.57,3.0,11.5,Superior
0.36,0.06,0.99495,9.1,55.0,0.39,1.8,3.18,0.82,21.0,11.0,Superior
0.6,0.083,0.9966,7.0,28.0,0.12,2.2,3.52,0.62,13.0,10.2,Superior
0.33,0.061,0.996,7.2,13.0,0.33,1.7,3.23,1.1,3.0,10.0,Superior
0.28,0.062,0.9952,7.7,34.0,0.3,2.0,3.28,0.9,18.0,11.3,Superior
0.29,0.048,0.995,8.1,53.0,0.36,2.2,3.27,1.01,35.0,12.4,Superior
0.34,0.064,0.9952,7.3,37.0,0.33,2.5,3.35,0.77,21.0,12.1,Superior
0.4,0.069,0.9955,6.1,25.0,0.16,1.8,3.42,0.74,11.0,10.1,Superior
0.37,0.062,0.9947,7.2,28.0,0.32,2.0,3.23,0.73,15.0,11.3,Superior
0.38,0.056,0.99472,7.2,29.0,0.31,2.0,3.23,0.76,15.0,11.3,Superior
0.37,0.062,0.9947,7.2,28.0,0.32,2.0,3.23,0.73,15.0,11.3,Superior
0.32,0.104,0.99732,7.8,17.0,0.44,2.7,3.33,0.78,8.0,11.0,Superior
0.58,0.062,0.99374,6.6,53.0,0.02,2.0,3.35,0.76,37.0,11.6,Superior
0.2,0.054,0.99458,7.9,15.0,0.35,1.7,3.32,0.8,7.0,11.9,Superior
0.48,0.062,0.99728,7.3,54.0,0.32,2.1,3.3,0.65,31.0,10.0,Superior
0.48,0.062,0.99728,7.3,54.0,0.32,2.1,3.3,0.65,31.0,10.0,Superior
0.47,0.048,0.99182,5.3,89.0,0.11,2.2,3.54,0.88,16.0,13.5666666667,Superior
0.47,0.048,0.99182,5.3,89.0,0.11,2.2,3.54,0.88,16.0,13.6,Superior
0.31,0.066,0.99459,6.4,28.0,0.09,1.4,3.42,0.7,15.0,10.0,Superior
0.56,0.064,0.99397,6.6,29.0,0.14,2.4,3.42,0.62,13.0,11.7,Superior
0.25,0.054,0.99666,7.4,49.0,0.29,2.2,3.4,0.76,19.0,10.9,Superior
0.37,0.063,0.9955,8.4,19.0,0.43,2.3,3.17,0.81,12.0,11.2,Superior
0.36,0.074,0.99419,7.4,24.0,0.3,1.8,3.24,0.7,17.0,11.4,Superior
0.56,0.065,0.99514,7.0,24.0,0.17,1.7,3.44,0.68,15.0,10.55,Superior
0.32,0.061,0.99484,6.7,34.0,0.44,2.4,3.29,0.8,24.0,11.6,Superior
0.59,0.086,0.9974,7.4,29.0,0.08,4.4,3.38,0.5,6.0,9.0,Inferior
1.13,0.172,0.994,5.7,19.0,0.09,1.5,3.5,0.48,7.0,9.8,Inferior
0.61,0.088,0.9976,8.8,46.0,0.3,2.8,3.26,0.51,17.0,9.3,Inferior
0.52,0.054,0.9934,4.6,65.0,0.15,2.1,3.9,0.56,8.0,13.1,Inferior
0.675,0.084,0.9976,8.3,43.0,0.26,2.1,3.31,0.53,11.0,9.2,Inferior
0.625,0.08,0.9972,8.3,119.0,0.2,1.5,3.16,1.12,27.0,9.1,Inferior
1.02,0.045,0.9938,5.0,85.0,0.04,1.4,3.75,0.48,41.0,10.5,Inferior
0.52,0.61,0.9996,9.2,69.0,1.0,3.4,2.74,2.0,32.0,9.4,Inferior
0.68,0.072,0.9965,7.6,20.0,0.02,1.3,3.17,1.08,9.0,9.2,Inferior
0.55,0.072,0.9956,7.3,42.0,0.03,1.6,3.37,0.48,17.0,9.0,Inferior
0.885,0.058,0.9972,7.9,8.0,0.03,1.8,3.36,0.33,4.0,9.1,Inferior
1.09,0.061,0.9948,6.9,31.0,0.06,2.1,3.51,0.43,12.0,11.4,Inferior
0.635,0.089,0.99745,8.4,55.0,0.36,2.0,3.31,0.57,15.0,10.4,Inferior
0.975,0.087,0.99565,7.0,67.0,0.04,2.0,3.35,0.6,12.0,9.4,Inferior
0.87,0.096,1.00025,8.1,61.0,0.0,3.3,3.6,0.72,26.0,9.8,Inferior
0.46,0.07,0.9981,12.5,49.0,0.49,4.5,3.05,0.57,26.0,9.6,Inferior
0.58,0.074,1.0008,11.6,47.0,0.66,2.2,3.25,0.57,10.0,9.0,Inferior
0.61,0.2,0.9994,10.4,16.0,0.49,2.1,3.16,0.63,5.0,8.4,Inferior
0.59,0.07,0.9991,10.5,47.0,0.49,2.1,3.3,0.56,14.0,9.6,Inferior
0.5,0.103,0.9978,9.9,14.0,0.24,2.3,3.34,0.52,6.0,10.0,Inferior
0.915,0.088,0.9962,8.2,23.0,0.27,2.1,3.26,0.47,7.0,10.0,Inferior
0.935,0.105,1.001,10.1,86.0,0.22,3.4,3.43,0.64,11.0,11.3,Inferior
0.845,0.07,0.9967,8.3,14.0,0.01,2.2,3.32,0.58,5.0,11.0,Inferior
0.84,0.096,0.997,7.1,13.0,0.02,4.4,3.41,0.57,5.0,11.0,Inferior
1.185,0.097,0.9966,7.4,14.0,0.0,4.25,3.63,0.54,5.0,10.7,Inferior
0.38,0.073,0.9972,7.5,84.0,0.48,2.6,3.32,0.7,22.0,9.6,Inferior
0.765,0.078,0.998,9.1,14.0,0.04,1.6,3.29,0.54,4.0,9.7,Inferior
1.115,0.086,0.9958,7.5,12.0,0.1,3.1,3.54,0.6,5.0,11.2,Inferior
0.39,0.102,0.99462,6.9,7.0,0.24,2.1,3.44,0.58,4.0,11.4,Inferior
0.685,0.058,0.99632,7.5,9.0,0.07,2.5,3.38,0.55,5.0,10.9,Inferior
0.44,0.145,0.99832,10.4,48.0,0.42,1.5,3.38,0.86,34.0,9.9,Inferior
0.47,0.147,0.99836,11.6,51.0,0.44,1.6,3.38,0.86,36.0,9.9,Inferior
0.35,0.067,0.99576,7.3,48.0,0.24,2.0,3.43,0.54,28.0,10.0,Inferior
0.47,0.067,0.99517,7.1,14.0,0.0,2.2,3.4,0.58,7.0,10.9,Inferior
1.02,0.084,0.99892,8.3,11.0,0.02,3.4,3.48,0.49,6.0,11.0,Inferior
0.67,0.093,0.99736,8.4,75.0,0.19,2.2,3.2,0.59,11.0,9.2,Inferior
0.63,0.071,0.99791,12.0,26.0,0.5,1.4,3.07,0.6,6.0,10.4,Inferior
0.58,0.096,0.99557,6.5,13.0,0.0,2.2,3.62,0.62,3.0,11.5,Inferior
0.88,0.079,0.99572,6.5,47.0,0.03,5.6,3.58,0.5,23.0,11.2,Inferior
0.955,0.075,0.99616,8.8,19.0,0.05,1.8,3.3,0.44,5.0,9.6,Inferior
0.23,0.057,0.99614,10.2,36.0,0.37,2.2,3.23,0.49,14.0,9.3,Inferior
0.33,0.054,0.99572,6.0,113.0,0.32,12.9,3.3,0.56,6.0,11.5,Inferior
0.73,0.081,0.99798,8.1,24.0,0.0,2.5,3.38,0.46,12.0,9.6,Inferior
0.67,0.057,0.99488,6.5,20.0,0.0,4.3,3.45,0.56,11.0,11.8,Inferior
1.02,0.083,0.99437,6.3,24.0,0.0,2.0,3.59,0.55,17.0,11.2,Inferior
0.78,0.089,0.9978,8.2,26.0,0.0,2.2,3.37,0.46,13.0,9.6,Inferior
0.4,0.05,0.99566,8.5,10.0,0.4,6.3,3.28,0.56,3.0,12.0,Inferior
0.755,0.084,0.99672,7.5,12.0,0.0,1.9,3.34,0.49,6.0,9.7,Inferior
1.58,0.137,0.99476,7.6,9.0,0.0,2.1,3.5,0.4,5.0,10.9,Inferior
0.68,0.068,0.99524,6.8,29.0,0.09,3.9,3.41,0.52,15.0,11.1,Inferior
0.83,0.08,0.99652,8.0,63.0,0.27,2.0,3.29,0.48,11.0,9.8,Inferior
0.61,0.069,0.99396,6.6,8.0,0.0,1.6,3.33,0.37,4.0,10.4,Inferior
0.815,0.267,0.99471,6.8,29.0,0.0,1.2,3.32,0.51,16.0,9.8,Inferior
0.53,0.123,0.9968,6.4,31.0,0.09,3.9,3.5,0.67,14.0,11.0,Inferior
0.785,0.06,0.99664,6.2,13.0,0.0,2.1,3.59,0.61,6.0,10.0,Inferior
1.04,0.067,0.99648,6.7,32.0,0.08,2.3,3.52,0.57,19.0,11.0,Inferior
0.98,0.061,0.99705,7.3,49.0,0.05,2.1,3.31,0.55,20.0,9.7,Inferior
0.875,0.082,0.99808,7.1,14.0,0.05,5.7,3.4,0.52,3.0,10.2,Inferior
0.62,0.08,0.99498,5.6,13.0,0.03,1.5,3.66,0.62,6.0,10.1,Inferior
0.58,0.114,0.99719,7.2,9.0,0.54,2.1,3.33,0.57,3.0,10.3,Inferior
0.91,0.06,0.99592,6.8,11.0,0.06,2.0,3.53,0.64,4.0,10.9,Inferior
0.76,0.078,0.996,6.7,12.0,0.02,1.8,3.55,0.63,6.0,9.95,Inferior
0.48,0.082,0.99585,6.9,23.0,0.2,1.9,3.39,0.43,9.0,9.05,Inferior
0.7,0.076,0.9978,7.4,34.0,0.0,1.9,3.51,0.56,11.0,9.4,Fine
0.88,0.098,0.9968,7.8,67.0,0.0,2.6,3.2,0.68,25.0,9.8,Fine
0.76,0.092,0.997,7.8,54.0,0.04,2.3,3.26,0.65,15.0,9.8,Fine
0.28,0.075,0.998,11.2,60.0,0.56,1.9,3.16,0.58,17.0,9.8,Fine
0.7,0.076,0.9978,7.4,34.0,0.0,1.9,3.51,0.56,11.0,9.4,Fine
0.66,0.075,0.9978,7.4,40.0,0.0,1.8,3.51,0.56,13.0,9.4,Fine
0.6,0.069,0.9964,7.9,59.0,0.06,1.6,3.3,0.46,15.0,9.4,Fine
0.5,0.071,0.9978,7.5,102.0,0.36,6.1,3.35,0.8,17.0,10.5,Fine
0.58,0.097,0.9959,6.7,65.0,0.08,1.8,3.28,0.54,15.0,9.2,Fine
0.5,0.071,0.9978,7.5,102.0,0.36,6.1,3.35,0.8,17.0,10.5,Fine
0.615,0.089,0.9943,5.6,59.0,0.0,1.6,3.58,0.52,16.0,9.9,Fine
0.61,0.114,0.9974,7.8,29.0,0.29,1.6,3.26,1.56,9.0,9.1,Fine
0.62,0.176,0.9986,8.9,145.0,0.18,3.8,3.16,0.88,52.0,9.2,Fine
0.62,0.17,0.9986,8.9,148.0,0.19,3.9,3.17,0.93,51.0,9.2,Fine
0.56,0.368,0.9968,8.1,56.0,0.28,1.7,3.11,1.28,16.0,9.3,Fine
0.32,0.341,0.9969,7.9,56.0,0.51,1.8,3.04,1.08,17.0,9.2,Fine
0.22,0.077,0.9968,8.9,60.0,0.48,1.8,3.39,0.53,29.0,9.4,Fine
0.39,0.082,0.9982,7.6,71.0,0.31,2.3,3.52,0.65,23.0,9.7,Fine
0.43,0.106,0.9966,7.9,37.0,0.21,1.6,3.17,0.91,10.0,9.5,Fine
0.49,0.084,0.9968,8.5,67.0,0.11,2.3,3.17,0.53,9.0,9.4,Fine
0.4,0.085,0.9968,6.9,40.0,0.14,2.4,3.43,0.63,21.0,9.7,Fine
0.39,0.08,0.9955,6.3,23.0,0.16,1.4,3.34,0.56,11.0,9.3,Fine
0.41,0.08,0.9962,7.6,11.0,0.24,1.8,3.28,0.59,4.0,9.5,Fine
0.43,0.106,0.9966,7.9,37.0,0.21,1.6,3.17,0.91,10.0,9.5,Fine
0.71,0.08,0.9972,7.1,35.0,0.0,1.9,3.47,0.55,14.0,9.4,Fine
0.645,0.082,0.9964,7.8,16.0,0.0,2.0,3.38,0.59,8.0,9.8,Fine
0.675,0.089,0.9958,6.7,82.0,0.07,2.4,3.35,0.54,17.0,10.1,Fine
0.685,0.105,0.9966,6.9,37.0,0.0,2.5,3.46,0.57,22.0,10.6,Fine
0.655,0.083,0.9966,8.3,113.0,0.12,2.3,3.17,0.66,15.0,9.8,Fine
0.605,0.073,0.9993,6.9,83.0,0.12,10.7,3.45,0.52,40.0,9.4,Fine
0.32,0.103,0.9957,5.2,50.0,0.25,1.8,3.38,0.55,13.0,9.2,Fine
0.645,0.086,0.9986,7.8,18.0,0.0,5.5,3.4,0.55,5.0,9.6,Fine
0.6,0.086,0.9975,7.8,15.0,0.14,2.4,3.42,0.6,3.0,10.8,Fine
0.45,0.074,0.9978,7.3,87.0,0.36,5.9,3.33,0.83,12.0,10.5,Fine
0.45,0.074,0.9978,7.3,87.0,0.36,5.9,3.33,0.83,12.0,10.5,Fine
0.49,0.332,0.9968,7.5,14.0,0.2,2.6,3.21,0.9,8.0,10.5,Fine
0.66,0.069,0.9968,8.1,23.0,0.22,2.2,3.3,1.2,9.0,10.3,Fine
0.67,0.05,0.9962,6.8,11.0,0.02,1.8,3.48,0.52,5.0,9.5,Fine
0.935,0.114,0.997,7.7,114.0,0.43,2.2,3.25,0.73,22.0,9.2,Fine
0.29,0.113,0.9969,8.7,37.0,0.52,1.6,3.25,0.58,12.0,9.5,Fine
0.4,0.066,0.9958,6.4,12.0,0.23,1.6,3.34,0.56,5.0,9.2,Fine
0.31,0.074,0.9954,5.6,96.0,0.37,1.4,3.32,0.58,12.0,9.2,Fine
0.66,0.074,0.9971,8.8,23.0,0.26,1.7,3.15,0.74,4.0,9.2,Fine
0.52,0.069,0.9956,6.6,15.0,0.04,2.2,3.4,0.63,8.0,9.4,Fine
0.5,0.068,0.9955,6.6,14.0,0.04,2.1,3.39,0.64,6.0,9.4,Fine
0.38,0.081,0.997,8.6,119.0,0.36,3.0,3.2,0.56,30.0,9.4,Fine
0.51,0.11,0.9955,7.6,73.0,0.15,2.8,3.17,0.63,33.0,10.2,Fine
0.62,0.084,0.9978,7.7,45.0,0.04,3.8,3.34,0.53,25.0,9.5,Fine
0.42,0.07,0.9971,10.2,10.0,0.57,3.4,3.04,0.63,4.0,9.6,Fine
0.63,0.111,0.9983,7.5,110.0,0.12,5.1,3.26,0.77,50.0,9.4,Fine
0.59,0.076,0.9975,7.8,54.0,0.18,2.3,3.43,0.59,17.0,10.0,Fine
0.39,0.074,0.9962,7.3,46.0,0.31,2.4,3.41,0.54,9.0,9.4,Fine
0.4,0.079,0.998,8.8,52.0,0.4,2.2,3.44,0.64,19.0,9.2,Fine
0.69,0.115,0.9968,7.7,112.0,0.49,1.8,3.21,0.71,20.0,9.3,Fine
0.735,0.081,0.9966,7.0,54.0,0.05,2.0,3.39,0.57,13.0,9.8,Fine
0.725,0.086,0.9962,7.2,11.0,0.05,4.65,3.41,0.39,4.0,10.9,Fine
0.725,0.086,0.9962,7.2,11.0,0.05,4.65,3.41,0.39,4.0,10.9,Fine
0.52,0.079,0.9968,7.5,39.0,0.11,1.5,3.42,0.58,11.0,9.6,Fine
0.705,0.076,0.9962,6.6,15.0,0.07,1.6,3.44,0.58,6.0,10.7,Fine
0.32,0.074,0.9969,9.3,65.0,0.57,2.0,3.28,0.79,27.0,10.7,Fine
0.705,0.074,0.9962,8.0,19.0,0.05,1.9,3.34,0.95,8.0,10.5,Fine
0.63,0.076,0.9967,7.7,27.0,0.08,1.9,3.32,0.54,15.0,9.5,Fine
0.67,0.088,0.9962,7.7,96.0,0.23,2.1,3.32,0.48,17.0,9.5,Fine
0.69,0.084,0.9961,7.7,94.0,0.22,1.9,3.31,0.48,18.0,9.5,Fine
0.32,0.094,0.9984,9.7,83.0,0.54,2.5,3.28,0.82,28.0,9.6,Fine
0.41,0.093,0.9986,8.8,42.0,0.64,2.2,3.54,0.66,9.0,10.5,Fine
0.41,0.093,0.9986,8.8,42.0,0.64,2.2,3.54,0.66,9.0,10.5,Fine
0.785,0.104,0.9966,6.8,30.0,0.0,2.4,3.52,0.55,14.0,10.7,Fine
0.75,0.086,0.9958,6.7,80.0,0.12,2.0,3.38,0.52,12.0,10.1,Fine
0.45,0.069,0.9958,6.2,15.0,0.2,1.6,3.41,0.56,3.0,9.2,Fine
0.43,0.464,0.9974,7.8,67.0,0.7,1.9,3.13,1.28,22.0,9.4,Fine
0.5,0.086,0.997,7.4,73.0,0.47,2.0,3.36,0.57,21.0,9.1,Fine
0.67,0.401,0.9969,7.3,51.0,0.26,1.8,3.16,1.14,16.0,9.4,Fine
0.3,0.069,0.9959,6.3,61.0,0.48,1.8,3.44,0.78,18.0,10.3,Fine
0.55,0.076,0.9961,6.9,40.0,0.15,2.2,3.41,0.59,19.0,10.1,Fine
0.49,0.11,0.9972,8.6,136.0,0.28,1.9,2.93,1.95,20.0,9.9,Fine
0.49,0.062,0.9966,7.7,31.0,0.26,1.9,3.39,0.64,9.0,9.6,Fine
0.39,0.107,0.9978,9.3,125.0,0.44,2.1,3.14,1.22,34.0,9.5,Fine
0.62,0.076,0.9978,7.0,24.0,0.08,1.8,3.48,0.53,8.0,9.0,Fine
0.52,0.079,0.9964,7.9,140.0,0.26,1.9,3.23,0.54,42.0,9.5,Fine
0.49,0.11,0.9972,8.6,136.0,0.28,1.9,2.93,1.95,20.0,9.9,Fine
0.49,0.11,0.9972,8.6,133.0,0.29,2.0,2.93,1.98,19.0,9.8,Fine
0.49,0.062,0.9966,7.7,31.0,0.26,1.9,3.39,0.64,9.0,9.6,Fine
0.6,0.058,0.9932,4.7,106.0,0.17,2.3,3.85,0.6,17.0,12.9,Fine
0.775,0.102,0.9965,6.8,23.0,0.0,3.0,3.45,0.56,8.0,10.7,Fine
0.5,0.07,0.9963,7.0,22.0,0.25,2.0,3.25,0.63,3.0,9.2,Fine
0.9,0.079,0.9967,7.6,10.0,0.06,2.5,3.39,0.56,5.0,9.8,Fine
0.545,0.08,0.9972,8.1,35.0,0.18,1.9,3.3,0.59,13.0,9.0,Fine
0.61,0.084,0.9972,8.3,50.0,0.3,2.1,3.4,0.61,11.0,10.2,Fine
0.5,0.075,0.9959,7.8,22.0,0.3,1.9,3.31,0.56,8.0,10.4,Fine
0.545,0.08,0.9972,8.1,35.0,0.18,1.9,3.3,0.59,13.0,9.0,Fine
0.575,0.077,0.9967,8.1,65.0,0.22,2.1,3.29,0.51,12.0,9.2,Fine
0.49,0.07,0.996,7.2,36.0,0.24,2.2,3.33,0.48,5.0,9.4,Fine
0.575,0.077,0.9967,8.1,65.0,0.22,2.1,3.29,0.51,12.0,9.2,Fine
0.41,0.467,0.9973,7.8,69.0,0.68,1.7,3.08,1.31,18.0,9.3,Fine
0.63,0.088,0.9969,6.2,64.0,0.31,1.7,3.46,0.79,15.0,9.3,Fine
0.33,0.091,0.9976,8.0,80.0,0.53,2.5,3.37,0.8,18.0,9.6,Fine
0.785,0.122,0.9969,8.1,153.0,0.52,2.0,3.21,0.69,37.0,9.3,Fine
0.56,0.104,0.9964,7.8,47.0,0.19,1.8,3.19,0.93,12.0,9.5,Fine
0.62,0.084,0.9964,8.4,108.0,0.09,2.2,3.15,0.66,11.0,9.8,Fine
0.6,0.085,0.9964,8.4,111.0,0.1,2.2,3.15,0.66,14.0,9.8,Fine
0.31,0.08,0.9988,10.1,46.0,0.44,2.3,3.32,0.67,22.0,9.7,Fine
0.56,0.104,0.9964,7.8,47.0,0.19,1.8,3.19,0.93,12.0,9.5,Fine
0.4,0.09,0.9966,9.4,62.0,0.31,2.2,3.07,0.63,13.0,10.5,Fine
0.54,0.077,0.9978,8.3,40.0,0.28,1.9,3.39,0.61,11.0,10.0,Fine
0.56,0.082,0.997,7.8,28.0,0.12,2.0,3.37,0.5,7.0,9.4,Fine
0.55,0.119,0.9962,8.8,56.0,0.04,2.2,3.21,0.6,14.0,10.9,Fine
0.69,0.097,0.9959,7.0,89.0,0.08,1.8,3.34,0.54,22.0,9.2,Fine
1.07,0.178,0.9962,7.3,89.0,0.09,1.7,3.3,0.57,10.0,9.0,Fine
0.55,0.119,0.9962,8.8,56.0,0.04,2.2,3.21,0.6,14.0,10.9,Fine
0.695,0.075,0.998,7.3,13.0,0.0,2.5,3.49,0.52,3.0,9.2,Fine
0.71,0.08,0.9976,8.0,34.0,0.0,2.6,3.44,0.53,11.0,9.5,Fine
0.5,0.082,0.996,7.8,102.0,0.17,1.6,3.39,0.48,21.0,9.5,Fine
0.62,0.146,0.9984,9.0,90.0,0.04,1.9,3.16,0.7,27.0,9.4,Fine
1.33,0.081,0.9964,8.2,12.0,0.0,1.7,3.53,0.49,3.0,10.9,Fine
1.33,0.082,0.9964,8.1,12.0,0.0,1.8,3.54,0.48,3.0,10.9,Fine
0.38,0.072,0.9955,6.1,19.0,0.15,1.8,3.42,0.57,6.0,9.4,Fine
0.745,0.118,0.9968,8.0,134.0,0.56,2.0,3.24,0.66,30.0,9.4,Fine
0.5,0.049,0.9937,5.6,99.0,0.09,2.3,3.63,0.63,17.0,13.0,Fine
0.5,0.049,0.9937,5.6,99.0,0.09,2.3,3.63,0.63,17.0,13.0,Fine
0.5,0.06,0.9952,6.6,26.0,0.01,1.5,3.4,0.58,17.0,9.8,Fine
1.04,0.084,0.9959,7.9,29.0,0.05,2.2,3.22,0.55,13.0,9.9,Fine
0.745,0.09,0.9965,8.4,63.0,0.11,1.9,3.19,0.82,16.0,9.6,Fine
0.715,0.089,0.9968,8.3,52.0,0.15,1.8,3.23,0.77,10.0,9.5,Fine
0.415,0.081,0.9972,7.2,45.0,0.36,2.0,3.48,0.64,13.0,9.2,Fine
0.56,0.081,0.9962,7.8,105.0,0.19,2.1,3.33,0.54,15.0,9.5,Fine
0.56,0.081,0.9962,7.8,108.0,0.19,2.0,3.32,0.54,17.0,9.5,Fine
0.745,0.09,0.9965,8.4,63.0,0.11,1.9,3.19,0.82,16.0,9.6,Fine
0.715,0.089,0.9968,8.3,52.0,0.15,1.8,3.23,0.77,10.0,9.5,Fine
0.34,0.05,0.9916,5.2,63.0,0.0,1.8,3.68,0.79,27.0,14.0,Fine
0.39,0.066,0.9954,6.3,20.0,0.08,1.7,3.34,0.58,3.0,9.4,Fine
0.34,0.05,0.9916,5.2,63.0,0.0,1.8,3.68,0.79,27.0,14.0,Fine
0.67,0.117,0.9968,8.1,141.0,0.55,1.8,3.17,0.62,32.0,9.4,Fine
0.68,0.087,0.9944,5.8,94.0,0.02,1.8,3.54,0.52,21.0,10.0,Fine
0.49,0.236,0.9968,7.6,88.0,0.26,1.6,3.11,0.8,10.0,9.3,Fine
0.49,0.074,0.9959,6.9,30.0,0.1,2.3,3.42,0.58,12.0,10.2,Fine
0.4,0.089,0.9975,8.2,43.0,0.44,2.8,3.53,0.61,11.0,10.5,Fine
0.33,0.077,0.9958,7.3,11.0,0.47,2.1,3.33,0.53,5.0,10.3,Fine
0.6,0.095,0.995,7.5,99.0,0.03,1.8,3.35,0.54,25.0,10.1,Fine
0.6,0.095,0.995,7.5,99.0,0.03,1.8,3.35,0.54,25.0,10.1,Fine
0.43,0.07,0.9973,7.1,129.0,0.42,5.5,3.42,0.72,29.0,10.5,Fine
0.43,0.071,0.9973,7.1,128.0,0.42,5.5,3.42,0.71,28.0,10.5,Fine
0.43,0.07,0.9973,7.1,129.0,0.42,5.5,3.42,0.72,29.0,10.5,Fine
0.43,0.071,0.9973,7.1,128.0,0.42,5.5,3.42,0.71,28.0,10.5,Fine
0.68,0.073,0.9969,7.1,22.0,0.0,2.2,3.48,0.5,12.0,9.3,Fine
0.6,0.079,0.9968,6.8,86.0,0.18,1.9,3.59,0.57,18.0,9.3,Fine
0.95,0.09,0.9959,7.6,20.0,0.03,2.0,3.2,0.56,7.0,9.6,Fine
0.53,0.076,0.9964,7.8,31.0,0.04,1.7,3.33,0.56,17.0,10.0,Fine
0.6,0.07,0.9982,7.4,121.0,0.26,7.3,3.37,0.49,36.0,9.4,Fine
0.59,0.07,0.9981,7.3,121.0,0.26,7.2,3.37,0.49,35.0,9.4,Fine
0.63,0.1,0.9961,7.8,96.0,0.48,1.7,3.19,0.62,14.0,9.5,Fine
0.64,0.085,0.9956,6.8,101.0,0.1,2.1,3.34,0.52,18.0,10.2,Fine
0.63,0.089,0.9953,6.8,44.0,0.07,2.1,3.47,0.55,11.0,10.4,Fine
0.705,0.36,0.9964,7.5,63.0,0.24,1.8,3.0,1.59,15.0,9.5,Fine
0.42,0.073,0.9972,8.0,18.0,0.17,2.0,3.29,0.61,6.0,9.2,Fine
0.42,0.073,0.9972,8.0,18.0,0.17,2.0,3.29,0.61,6.0,9.2,Fine
0.62,0.068,0.9961,7.4,42.0,0.05,1.9,3.42,0.57,24.0,11.5,Fine
0.38,0.08,0.9961,7.3,35.0,0.21,2.0,3.33,0.47,7.0,9.5,Fine
0.5,0.085,0.9958,6.9,49.0,0.04,1.5,3.35,0.78,19.0,9.5,Fine
0.38,0.08,0.9961,7.3,35.0,0.21,2.0,3.33,0.47,7.0,9.5,Fine
0.52,0.087,0.9972,7.5,38.0,0.42,2.3,3.58,0.61,8.0,10.5,Fine
0.805,0.068,0.9969,7.0,20.0,0.0,2.5,3.48,0.56,7.0,9.6,Fine
0.61,0.067,0.9969,8.8,42.0,0.14,2.4,3.19,0.59,10.0,9.5,Fine
0.61,0.067,0.9969,8.8,42.0,0.14,2.4,3.19,0.59,10.0,9.5,Fine
0.61,0.27,0.9972,8.9,110.0,0.49,2.0,3.12,1.02,23.0,9.3,Fine
0.73,0.076,0.9972,7.2,42.0,0.02,2.5,3.44,0.52,16.0,9.3,Fine
0.61,0.077,0.9971,6.8,65.0,0.2,1.8,3.54,0.58,11.0,9.3,Fine
0.62,0.079,0.997,6.7,62.0,0.21,1.9,3.52,0.58,8.0,9.3,Fine
0.31,0.111,0.9971,8.9,85.0,0.57,2.0,3.26,0.53,26.0,9.7,Fine
0.39,0.082,0.9972,7.4,67.0,0.48,2.0,3.34,0.55,14.0,9.2,Fine
0.705,0.084,0.9976,7.7,26.0,0.1,2.6,3.39,0.49,9.0,9.7,Fine
0.5,0.084,0.9968,7.9,143.0,0.33,2.0,3.2,0.55,15.0,9.5,Fine
0.49,0.082,0.9968,7.9,144.0,0.32,1.9,3.2,0.55,17.0,9.5,Fine
0.5,0.077,0.9976,8.2,127.0,0.35,2.9,3.23,0.62,21.0,9.4,Fine
0.37,0.074,0.9974,6.4,49.0,0.25,1.9,3.57,0.62,21.0,9.8,Fine
0.63,0.099,0.9969,6.8,126.0,0.12,3.8,3.28,0.61,16.0,9.5,Fine
0.55,0.071,0.9964,7.6,28.0,0.21,2.2,3.28,0.55,7.0,9.7,Fine
0.55,0.071,0.9964,7.6,28.0,0.21,2.2,3.28,0.55,7.0,9.7,Fine
0.59,0.074,0.9968,7.8,120.0,0.33,2.0,3.25,0.54,24.0,9.4,Fine
0.58,0.074,0.9968,7.3,55.0,0.3,2.4,3.46,0.59,15.0,10.2,Fine
0.3,0.067,0.9981,11.5,27.0,0.6,2.0,3.11,0.97,12.0,10.1,Fine
0.37,0.097,0.9975,8.8,145.0,0.48,2.1,3.04,1.03,39.0,9.3,Fine
0.5,0.075,0.99545,6.8,49.0,0.11,1.5,3.36,0.79,16.0,9.5,Fine
0.42,0.088,0.9961,7.0,39.0,0.35,1.6,3.34,0.55,16.0,9.2,Fine
0.43,0.089,0.99615,7.0,37.0,0.36,1.6,3.34,0.56,14.0,9.2,Fine
0.57,0.069,0.99625,7.8,120.0,0.31,1.8,3.29,0.53,26.0,9.3,Fine
0.44,0.1,0.9966,7.8,95.0,0.28,2.7,3.22,0.67,18.0,9.4,Fine
0.53,0.039,0.99585,9.7,19.0,0.6,2.0,3.3,0.86,5.0,12.4,Fine
0.725,0.083,0.99685,8.0,62.0,0.24,2.8,3.35,0.56,10.0,10.0,Fine
0.44,0.059,0.998,11.6,15.0,0.64,2.1,3.21,0.67,5.0,10.2,Fine
0.57,0.06,0.9959,8.2,65.0,0.26,2.2,3.3,0.43,28.0,10.1,Fine
0.735,0.092,0.9974,7.8,41.0,0.08,2.4,3.24,0.71,10.0,9.8,Fine
0.49,0.06,0.9974,7.0,121.0,0.49,5.6,3.34,0.76,26.0,10.5,Fine
0.625,0.101,0.9962,8.7,49.0,0.16,2.0,3.14,0.57,13.0,11.0,Fine
0.725,0.072,0.9967,8.1,41.0,0.22,2.2,3.36,0.55,11.0,9.1,Fine
0.49,0.076,0.9957,7.5,44.0,0.19,1.9,3.39,0.54,10.0,9.7,Fine
0.53,0.08,0.99655,7.8,144.0,0.33,2.4,3.3,0.6,24.0,9.5,Fine
0.34,0.082,0.9964,7.8,58.0,0.37,2.0,3.34,0.59,24.0,9.4,Fine
0.53,0.101,0.9957,7.4,72.0,0.26,2.0,3.15,0.57,16.0,9.4,Fine
0.61,0.057,0.99525,6.8,10.0,0.04,1.5,3.42,0.6,5.0,9.5,Fine
0.645,0.083,0.99815,8.6,28.0,0.25,2.0,3.28,0.6,8.0,10.0,Fine
0.43,0.073,0.99615,7.7,63.0,0.25,2.6,3.37,0.58,29.0,10.5,Fine
0.59,0.337,0.9964,8.9,81.0,0.5,2.0,3.04,1.61,27.0,9.5,Fine
0.82,0.089,0.9984,9.0,23.0,0.14,2.6,3.39,0.63,9.0,9.8,Fine
0.43,0.073,0.99615,7.7,63.0,0.25,2.6,3.37,0.58,29.0,10.5,Fine
0.52,0.081,0.99685,6.9,37.0,0.25,2.6,3.46,0.5,10.0,11.0,Fine
0.38,0.078,0.99625,8.0,49.0,0.06,1.8,3.37,0.52,12.0,9.9,Fine
0.37,0.09,0.998,8.5,58.0,0.2,2.8,3.34,0.7,18.0,9.6,Fine
0.52,0.081,0.99685,6.9,37.0,0.25,2.6,3.46,0.5,10.0,11.0,Fine
1.0,0.065,0.99685,8.2,37.0,0.09,2.3,3.32,0.55,7.0,9.0,Fine
0.63,0.097,0.99675,7.2,38.0,0.0,1.9,3.37,0.58,14.0,9.0,Fine
0.63,0.097,0.99675,7.2,38.0,0.0,1.9,3.37,0.58,14.0,9.0,Fine
0.645,0.097,0.99675,7.2,39.0,0.0,1.9,3.37,0.58,15.0,9.2,Fine
0.63,0.097,0.99675,7.2,38.0,0.0,1.9,3.37,0.58,14.0,9.0,Fine
1.0,0.065,0.99685,8.2,37.0,0.09,2.3,3.32,0.55,7.0,9.0,Fine
0.635,0.263,0.9971,8.9,62.0,0.37,1.7,3.0,1.09,5.0,9.3,Fine
0.38,0.093,0.99925,12.0,24.0,0.56,2.1,3.14,0.71,6.0,10.9,Fine
0.58,0.102,0.99565,7.7,109.0,0.1,1.8,3.08,0.49,28.0,9.8,Fine
0.66,0.084,0.9983,7.3,23.0,0.0,2.0,3.61,0.96,6.0,9.9,Fine
0.68,0.075,0.99685,7.1,51.0,0.07,1.9,3.38,0.52,16.0,9.5,Fine
0.6,0.072,0.9963,8.2,73.0,0.17,2.3,3.2,0.45,11.0,9.3,Fine
0.53,0.074,0.99615,7.7,39.0,0.06,1.7,3.35,0.48,9.0,9.8,Fine
0.66,0.084,0.9983,7.3,23.0,0.0,2.0,3.61,0.96,6.0,9.9,Fine
0.32,0.063,0.9985,10.8,37.0,0.44,1.6,3.22,0.78,16.0,10.0,Fine
0.6,0.074,0.9972,7.1,34.0,0.0,1.8,3.47,0.7,16.0,9.9,Fine
0.35,0.09,0.9986,11.1,21.0,0.48,3.1,3.17,0.53,5.0,10.5,Fine
0.775,0.092,0.9959,7.7,86.0,0.42,1.9,3.23,0.59,8.0,9.5,Fine
0.6,0.074,0.9972,7.1,34.0,0.0,1.8,3.47,0.7,16.0,9.9,Fine
0.57,0.073,0.99675,8.0,119.0,0.23,3.2,3.26,0.57,17.0,9.3,Fine
0.34,0.075,0.998,9.4,13.0,0.37,2.2,3.22,0.62,5.0,9.2,Fine
0.695,0.075,0.9968,6.6,56.0,0.0,2.1,3.49,0.67,12.0,9.2,Fine
0.41,0.611,0.9968,7.7,45.0,0.76,1.8,3.06,1.26,8.0,9.4,Fine
0.33,0.077,0.99625,7.9,45.0,0.23,1.7,3.29,0.65,18.0,9.3,Fine
0.52,0.07,0.99575,8.0,35.0,0.03,1.7,3.34,0.57,10.0,10.0,Fine
0.37,0.077,0.9963,7.9,49.0,0.23,1.8,3.28,0.67,23.0,9.3,Fine
0.56,0.064,0.9999,12.5,27.0,0.49,2.4,3.08,0.87,5.0,10.9,Fine
0.54,0.077,0.9987,6.9,27.0,0.04,3.0,3.69,0.91,7.0,9.4,Fine
0.18,0.104,0.9996,11.5,23.0,0.51,4.0,3.28,0.97,4.0,10.1,Fine
0.545,0.087,0.9965,7.9,61.0,0.06,4.0,3.36,0.67,27.0,10.7,Fine
0.18,0.104,0.9996,11.5,23.0,0.51,4.0,3.28,0.97,4.0,10.1,Fine
0.37,0.071,0.99935,10.9,65.0,0.58,4.0,3.22,0.78,17.0,10.1,Fine
0.715,0.076,0.99735,8.4,38.0,0.2,2.4,3.31,0.64,10.0,9.4,Fine
0.65,0.088,0.99915,7.5,94.0,0.18,7.0,3.38,0.77,27.0,9.4,Fine
0.545,0.087,0.9965,7.9,61.0,0.06,4.0,3.36,0.67,27.0,10.7,Fine
0.54,0.077,0.9987,6.9,27.0,0.04,3.0,3.69,0.91,7.0,9.4,Fine
0.18,0.104,0.9996,11.5,23.0,0.51,4.0,3.28,0.97,4.0,10.1,Fine
0.26,0.071,0.9986,11.4,19.0,0.44,3.6,3.12,0.82,6.0,9.3,Fine
0.52,0.067,0.9971,7.6,53.0,0.12,3.0,3.36,0.57,12.0,9.1,Fine
0.59,0.102,1.00015,9.9,71.0,0.07,3.4,3.31,0.71,32.0,9.8,Fine
0.59,0.102,1.00015,9.9,71.0,0.07,3.4,3.31,0.71,32.0,9.8,Fine
0.45,0.073,0.9997,12.0,49.0,0.55,2.0,3.1,0.76,25.0,10.3,Fine
0.4,0.092,0.9967,7.5,53.0,0.12,3.0,3.37,0.7,29.0,10.3,Fine
0.42,0.105,1.001,11.6,98.0,0.53,3.3,3.2,0.95,33.0,9.2,Fine
0.2,0.343,0.9979,11.0,18.0,0.48,2.0,3.3,0.71,6.0,10.5,Fine
0.55,0.091,0.9994,10.4,48.0,0.23,2.7,3.22,0.64,18.0,10.3,Fine
0.36,0.098,0.9964,6.9,16.0,0.25,2.4,3.41,0.6,5.0,10.1,Fine
0.34,0.094,1.0014,13.3,53.0,0.52,3.2,3.05,0.81,17.0,9.5,Fine
0.5,0.073,1.0001,10.8,27.0,0.46,2.5,3.05,0.64,5.0,9.5,Fine
0.83,0.086,0.9981,10.6,70.0,0.37,2.6,3.16,0.52,26.0,9.9,Fine
0.63,0.083,0.99855,7.1,29.0,0.06,2.0,3.67,0.73,8.0,9.6,Fine
0.65,0.094,0.9993,7.2,31.0,0.02,2.3,3.67,0.8,5.0,9.7,Fine
0.67,0.08,0.99845,6.9,33.0,0.06,2.1,3.68,0.71,8.0,9.6,Fine
0.53,0.086,0.9965,7.5,44.0,0.06,2.6,3.38,0.59,20.0,10.7,Fine
0.18,0.068,0.9973,11.1,15.0,0.48,1.5,3.22,0.64,7.0,10.1,Fine
0.705,0.092,0.9994,8.3,28.0,0.12,2.6,3.51,0.72,12.0,10.0,Fine
0.67,0.186,0.996,7.4,21.0,0.12,1.6,3.39,0.54,5.0,9.5,Fine
0.65,0.112,0.9973,8.4,90.0,0.6,2.1,3.2,0.52,12.0,9.2,Fine
0.53,0.063,0.9998,10.3,25.0,0.48,2.5,3.12,0.59,6.0,9.3,Fine
0.62,0.082,0.9966,7.6,54.0,0.32,2.2,3.36,0.52,7.0,9.4,Fine
0.41,0.213,0.9994,10.3,14.0,0.42,2.4,3.19,0.62,6.0,9.5,Fine
0.43,0.214,0.9994,10.3,12.0,0.44,2.4,3.19,0.63,5.0,9.5,Fine
0.29,0.062,0.9968,7.4,30.0,0.38,1.7,3.41,0.53,9.0,9.5,Fine
0.53,0.063,0.9998,10.3,25.0,0.48,2.5,3.12,0.59,6.0,9.3,Fine
0.53,0.072,0.996,7.9,105.0,0.24,2.0,3.27,0.54,15.0,9.4,Fine
0.46,0.093,0.99815,9.0,98.0,0.31,2.8,3.32,0.63,19.0,9.5,Fine
0.47,0.076,0.9976,8.6,135.0,0.3,3.0,3.3,0.53,30.0,9.4,Fine
0.36,0.087,0.99645,7.4,72.0,0.29,2.6,3.39,0.68,26.0,11.0,Fine
0.35,0.096,0.9962,7.1,53.0,0.29,2.5,3.42,0.65,20.0,11.0,Fine
0.56,0.102,0.9996,9.6,92.0,0.23,3.4,3.3,0.65,37.0,10.1,Fine
0.77,0.082,0.99865,9.6,74.0,0.12,2.9,3.3,0.64,30.0,10.4,Fine
0.77,0.082,0.99865,9.6,74.0,0.12,2.9,3.3,0.64,30.0,10.4,Fine
0.61,0.09,0.99975,9.3,87.0,0.26,3.4,3.24,0.62,25.0,9.7,Fine
0.62,0.079,0.99735,7.8,18.0,0.05,2.3,3.29,0.63,6.0,9.3,Fine
0.59,0.09,0.999,10.3,73.0,0.42,2.8,3.28,0.7,35.0,9.5,Fine
0.49,0.071,1.0015,10.0,50.0,0.2,11.0,3.16,0.69,13.0,9.2,Fine
0.49,0.071,1.0015,10.0,50.0,0.2,11.0,3.16,0.69,13.0,9.2,Fine
0.44,0.107,0.998,10.3,13.0,0.5,4.5,3.28,0.83,5.0,11.5,Fine
0.27,0.082,1.0002,13.4,21.0,0.62,2.6,3.16,0.67,6.0,9.7,Fine
0.46,0.061,0.9981,10.7,15.0,0.39,2.0,3.18,0.62,7.0,9.5,Fine
0.36,0.122,0.998,10.2,41.0,0.64,2.9,3.23,0.66,10.0,12.5,Fine
0.36,0.122,0.998,10.2,41.0,0.64,2.9,3.23,0.66,10.0,12.5,Fine
0.58,0.066,0.9973,8.0,114.0,0.28,3.2,3.22,0.54,21.0,9.4,Fine
0.56,0.105,0.9958,8.4,44.0,0.08,2.1,3.13,0.52,16.0,11.0,Fine
0.43,0.052,0.9948,8.9,16.0,0.45,1.9,3.35,0.7,6.0,12.5,Fine
0.43,0.08,0.9974,7.8,58.0,0.32,2.8,3.31,0.64,29.0,10.3,Fine
0.49,0.103,1.0008,12.4,99.0,0.58,3.0,3.16,1.0,28.0,11.5,Fine
0.34,0.066,1.0,12.2,21.0,0.5,2.4,3.12,1.18,10.0,9.2,Fine
0.42,0.065,0.9972,10.6,18.0,0.48,2.7,3.21,0.87,5.0,11.3,Fine
0.39,0.118,0.9982,10.9,14.0,0.47,1.8,3.3,0.75,6.0,9.8,Fine
0.39,0.118,0.9982,10.9,14.0,0.47,1.8,3.3,0.75,6.0,9.8,Fine
0.57,0.082,1.0006,11.9,32.0,0.5,2.6,3.12,0.78,6.0,10.7,Fine
0.685,0.067,0.9979,7.0,63.0,0.0,1.9,3.6,0.81,40.0,9.9,Fine
0.49,0.093,0.9986,13.8,15.0,0.67,3.0,3.02,0.93,6.0,12.0,Fine
0.56,0.089,0.9979,9.6,46.0,0.31,2.8,3.11,0.92,15.0,10.0,Fine
0.785,0.093,0.9994,9.1,28.0,0.0,2.6,3.36,0.86,11.0,9.4,Fine
0.67,0.107,1.0004,10.7,34.0,0.22,2.7,3.28,0.98,17.0,9.9,Fine
0.795,0.096,0.9994,9.1,26.0,0.0,2.6,3.35,0.83,11.0,9.4,Fine
0.665,0.09,0.9974,7.7,19.0,0.0,2.4,3.27,0.73,8.0,9.3,Fine
0.53,0.12,1.0018,13.5,77.0,0.79,4.8,3.18,0.77,23.0,13.0,Fine
0.21,0.066,0.9912,6.1,165.0,0.4,1.4,3.25,0.59,40.5,11.9,Fine
0.75,0.078,0.9955,6.7,32.0,0.01,2.4,3.55,0.61,17.0,12.8,Fine
0.41,0.08,1.0001,11.5,55.0,0.52,3.0,3.26,0.88,29.0,11.0,Fine
0.38,0.088,1.001,12.6,41.0,0.66,2.6,3.17,0.68,10.0,9.8,Fine
0.7,0.099,0.9973,8.2,81.0,0.23,2.0,3.19,0.7,14.0,9.4,Fine
0.45,0.086,0.9982,8.6,50.0,0.31,2.6,3.37,0.91,21.0,9.9,Fine
0.58,0.072,0.9992,11.9,37.0,0.66,2.5,3.05,0.56,6.0,10.0,Fine
0.46,0.071,0.9988,12.5,15.0,0.63,2.0,2.99,0.87,6.0,10.2,Fine
0.42,0.107,0.9979,10.0,21.0,0.5,3.4,3.26,0.93,7.0,11.8,Fine
0.575,0.076,1.0,10.4,24.0,0.61,2.6,3.16,0.69,11.0,9.0,Fine
0.34,0.159,0.9998,10.3,75.0,0.52,2.8,3.18,0.64,15.0,9.4,Fine
0.765,0.063,0.9975,6.9,63.0,0.02,2.3,3.57,0.78,35.0,9.9,Fine
0.24,0.056,0.9967,7.9,25.0,0.4,1.6,3.32,0.87,11.0,8.7,Fine
0.28,0.067,0.9967,9.1,46.0,0.48,1.8,3.32,1.04,26.0,10.6,Fine
0.55,0.106,0.9959,7.4,72.0,0.22,2.2,3.05,0.63,12.0,9.2,Fine
0.41,0.089,1.0014,14.0,47.0,0.63,3.8,3.01,0.81,6.0,10.8,Fine
0.45,0.078,1.0003,11.5,47.0,0.5,3.0,3.26,1.11,19.0,11.0,Fine
0.625,0.088,0.9988,11.4,24.0,0.66,6.2,3.11,0.99,6.0,13.3,Fine
0.42,0.094,0.9979,8.3,60.0,0.38,2.5,3.31,0.7,24.0,10.8,Fine
0.26,0.08,0.9974,8.3,27.0,0.42,2.0,3.21,0.8,11.0,9.4,Fine
0.415,0.085,1.0014,13.7,43.0,0.68,2.9,3.06,0.8,17.0,10.0,Fine
0.26,0.08,0.9974,8.3,27.0,0.42,2.0,3.21,0.8,11.0,9.4,Fine
0.26,0.08,0.9974,8.3,27.0,0.42,2.0,3.21,0.8,11.0,9.4,Fine
0.51,0.087,0.998,7.7,54.0,0.28,2.1,3.42,0.74,23.0,9.2,Fine
0.63,0.09,0.9979,7.4,37.0,0.07,2.4,3.43,0.76,11.0,9.7,Fine
0.54,0.088,0.9981,7.8,48.0,0.26,2.0,3.41,0.74,23.0,9.2,Fine
0.66,0.079,0.9972,8.3,42.0,0.15,1.9,3.31,0.54,17.0,9.6,Fine
0.46,0.088,0.9981,7.8,53.0,0.26,1.9,3.43,0.74,23.0,9.2,Fine
0.415,0.085,1.0014,13.7,43.0,0.68,2.9,3.06,0.8,17.0,10.0,Fine
0.37,0.082,0.998,9.5,26.0,0.52,2.0,3.18,0.51,6.0,9.5,Fine
0.665,0.112,0.997,8.4,95.0,0.61,2.0,3.16,0.54,13.0,9.1,Fine
0.6,0.063,0.9997,12.7,25.0,0.65,2.3,3.03,0.57,6.0,9.9,Fine
0.735,0.122,0.9994,6.6,124.0,0.02,7.9,3.47,0.53,68.0,9.9,Fine
0.59,0.087,0.9988,11.5,49.0,0.59,2.6,3.18,0.65,13.0,11.0,Fine
0.59,0.087,0.9988,11.5,49.0,0.59,2.6,3.18,0.65,13.0,11.0,Fine
0.765,0.064,0.9963,8.7,42.0,0.22,2.3,3.1,0.55,9.0,9.4,Fine
0.735,0.122,0.9994,6.6,124.0,0.02,7.9,3.47,0.53,68.0,9.9,Fine
0.26,0.059,0.9949,7.7,38.0,0.3,1.7,3.29,0.47,20.0,10.8,Fine
0.48,0.085,1.0,12.2,64.0,0.54,2.6,3.1,0.61,19.0,10.5,Fine
0.6,0.085,0.9994,11.4,41.0,0.49,2.7,3.15,0.63,10.0,10.5,Fine
0.69,0.075,0.9974,7.7,27.0,0.05,2.7,3.26,0.61,15.0,9.1,Fine
0.31,0.059,0.9966,8.7,25.0,0.46,1.4,3.36,0.76,11.0,10.1,Fine
0.44,0.063,0.9981,9.8,28.0,0.47,2.5,3.24,0.65,9.0,10.8,Fine
0.34,0.174,0.997,10.4,16.0,0.58,3.7,3.19,0.7,6.0,11.3,Fine
0.43,0.08,0.9987,9.0,86.0,0.34,2.5,3.38,0.62,26.0,9.5,Fine
0.45,0.08,0.9987,9.1,78.0,0.35,2.4,3.38,0.62,23.0,9.5,Fine
0.735,0.1,0.9966,7.1,77.0,0.16,1.9,3.27,0.64,15.0,9.3,Fine
0.52,0.087,0.9982,8.8,122.0,0.34,2.7,3.26,0.61,24.0,9.5,Fine
0.725,0.117,1.0014,8.6,134.0,0.24,6.6,3.32,1.07,31.0,9.3,Fine
0.48,0.111,0.997,10.6,20.0,0.64,2.2,3.26,0.66,6.0,11.7,Fine
0.58,0.091,0.9956,7.0,124.0,0.12,1.9,3.44,0.48,34.0,10.5,Fine
0.38,0.121,0.9996,11.9,20.0,0.51,2.0,3.24,0.76,7.0,10.4,Fine
0.77,0.066,0.9976,6.8,52.0,0.0,1.8,3.62,0.68,34.0,9.9,Fine
0.96,0.047,0.9955,7.7,60.0,0.2,2.0,3.36,0.44,15.0,10.9,Fine
0.96,0.047,0.9955,7.7,60.0,0.2,2.0,3.36,0.44,15.0,10.9,Fine
0.67,0.045,0.9949,6.4,48.0,0.08,2.1,3.49,0.49,19.0,11.4,Fine
0.78,0.077,0.9988,9.5,32.0,0.22,1.9,3.26,0.56,6.0,10.6,Fine
0.52,0.07,0.9978,9.1,30.0,0.33,1.3,3.24,0.6,9.0,9.3,Fine
0.84,0.088,0.9997,12.8,35.0,0.63,2.4,3.1,0.6,13.0,10.4,Fine
0.55,0.074,0.9974,7.8,66.0,0.35,2.2,3.25,0.56,21.0,9.2,Fine
0.37,0.078,0.9958,11.9,24.0,0.69,2.3,3.0,0.65,12.0,12.8,Fine
0.39,0.091,1.0004,12.3,18.0,0.63,2.3,3.16,0.49,6.0,9.5,Fine
0.41,0.076,0.9996,10.4,54.0,0.55,3.2,3.15,0.89,22.0,9.9,Fine
0.39,0.091,1.0004,12.3,18.0,0.63,2.3,3.16,0.49,6.0,9.5,Fine
0.67,0.06,0.9958,8.0,62.0,0.3,2.0,3.26,0.56,38.0,10.2,Fine
0.45,0.066,0.9986,11.1,22.0,0.73,3.2,3.17,0.66,6.0,11.2,Fine
0.41,0.076,0.9996,10.4,54.0,0.55,3.2,3.15,0.89,22.0,9.9,Fine
0.62,0.062,0.9951,7.0,50.0,0.18,1.5,3.08,0.6,7.0,9.3,Fine
0.4,0.068,0.9988,11.9,27.0,0.65,2.15,3.06,0.68,7.0,11.3,Fine
0.735,0.079,0.9986,9.5,31.0,0.1,2.1,3.23,0.56,6.0,10.1,Fine
0.38,0.081,0.9996,12.5,72.0,0.6,2.6,3.1,0.73,31.0,10.5,Fine
0.48,0.127,0.9968,9.3,16.0,0.29,2.1,3.22,0.72,6.0,11.2,Fine
0.53,0.1,0.9967,8.6,27.0,0.22,2.0,3.2,0.56,7.0,10.2,Fine
0.39,0.095,0.9994,11.9,35.0,0.69,2.8,3.1,0.61,17.0,10.8,Fine
0.39,0.095,0.9994,11.9,35.0,0.69,2.8,3.1,0.61,17.0,10.8,Fine
0.37,0.413,0.9979,8.4,26.0,0.53,1.8,3.06,1.06,9.0,9.1,Fine
0.56,0.084,0.9968,6.8,35.0,0.03,1.7,3.44,0.63,18.0,10.0,Fine
0.23,0.063,0.9952,7.0,67.0,0.4,1.6,3.5,0.63,21.0,11.1,Fine
0.59,0.095,0.9986,8.9,22.0,0.39,2.3,3.37,0.58,5.0,10.3,Fine
0.63,0.097,0.9988,9.2,65.0,0.21,2.7,3.28,0.58,29.0,9.6,Fine
0.43,0.083,0.9976,9.2,23.0,0.52,2.3,3.35,0.61,14.0,11.3,Fine
0.615,0.087,0.9982,8.3,19.0,0.22,2.6,3.26,0.61,6.0,9.3,Fine
0.26,0.085,0.997,11.0,25.0,0.68,2.55,3.18,0.61,10.0,11.8,Fine
0.66,0.098,0.9972,8.1,129.0,0.7,2.2,3.08,0.53,25.0,9.0,Fine
0.315,0.084,0.9987,11.5,15.0,0.54,2.1,2.98,0.7,5.0,9.2,Fine
0.29,0.098,1.0006,10.0,26.0,0.4,2.9,3.48,0.91,10.0,9.7,Fine
0.5,0.069,0.9982,10.3,51.0,0.42,2.0,3.16,0.72,21.0,11.5,Fine
0.46,0.065,0.9947,8.8,18.0,0.45,2.6,3.32,0.79,7.0,14.0,Fine
0.36,0.09,1.0,11.4,21.0,0.69,2.1,3.17,0.62,6.0,9.2,Fine
0.82,0.07,0.9952,8.7,48.0,0.02,1.2,3.2,0.58,36.0,9.8,Fine
0.32,0.093,0.9996,13.0,47.0,0.65,2.6,3.05,0.61,15.0,10.6,Fine
0.54,0.081,0.997,9.6,52.0,0.42,2.4,3.2,0.71,25.0,11.4,Fine
0.37,0.083,0.9995,12.5,68.0,0.55,2.6,3.15,0.82,25.0,10.4,Fine
0.35,0.062,0.9971,9.9,14.0,0.55,2.1,3.26,0.79,5.0,10.6,Fine
0.28,0.08,0.9982,10.5,24.0,0.51,1.7,3.2,0.89,10.0,9.4,Fine
0.68,0.087,0.9988,9.6,28.0,0.24,2.2,3.14,0.6,5.0,10.2,Fine
0.27,0.091,0.998,9.3,16.0,0.41,2.0,3.28,0.7,6.0,9.7,Fine
0.24,0.075,0.9977,10.4,20.0,0.49,1.8,3.18,1.06,6.0,11.0,Fine
0.68,0.087,0.9988,9.6,28.0,0.24,2.2,3.14,0.6,5.0,10.2,Fine
0.685,0.077,0.9984,9.4,31.0,0.11,2.7,3.19,0.7,6.0,10.1,Fine
0.28,0.069,1.0026,10.6,23.0,0.39,15.5,3.12,0.66,6.0,9.2,Fine
0.36,0.152,0.9986,10.6,18.0,0.59,2.2,3.04,1.05,6.0,9.4,Fine
0.36,0.152,0.9986,10.6,18.0,0.6,2.2,3.04,1.06,7.0,9.4,Fine
0.44,0.114,0.997,10.6,24.0,0.68,4.1,3.06,0.66,6.0,13.4,Fine
0.67,0.054,0.9976,10.2,17.0,0.39,1.9,3.17,0.47,6.0,10.0,Fine
0.67,0.054,0.9976,10.2,17.0,0.39,1.9,3.17,0.47,6.0,10.0,Fine
0.645,0.053,0.9982,10.2,14.0,0.36,1.8,3.17,0.42,5.0,10.0,Fine
0.39,0.073,0.9984,9.3,26.0,0.4,2.6,3.34,0.75,10.0,10.2,Fine
0.775,0.078,0.9984,9.3,56.0,0.27,2.8,3.31,0.67,24.0,10.6,Fine
0.69,0.086,1.0002,8.7,81.0,0.31,3.0,3.48,0.74,23.0,11.6,Fine
0.39,0.051,0.9952,6.5,91.0,0.23,8.3,3.44,0.55,28.0,12.1,Fine
0.52,0.081,0.9984,7.8,38.0,0.25,1.9,3.43,0.65,14.0,9.0,Fine
0.34,0.09,0.9966,7.2,113.0,0.32,2.5,3.32,0.79,43.0,11.1,Fine
0.69,0.086,1.0002,8.7,81.0,0.31,3.0,3.48,0.74,23.0,11.6,Fine
0.52,0.081,0.9984,7.8,38.0,0.25,1.9,3.43,0.65,14.0,9.0,Fine
0.67,0.084,1.0,11.2,13.0,0.55,2.3,3.17,0.71,6.0,9.5,Fine
0.59,0.09,0.9994,10.0,62.0,0.31,2.2,3.18,0.63,26.0,10.2,Fine
0.42,0.073,0.9978,12.4,43.0,0.49,4.6,3.02,0.61,19.0,9.5,Fine
0.59,0.09,0.9994,10.0,62.0,0.31,2.2,3.18,0.63,26.0,10.2,Fine
0.4,0.125,0.998,10.7,49.0,0.48,2.1,3.03,0.81,15.0,9.7,Fine
0.655,0.122,1.001,8.5,151.0,0.49,6.1,3.31,1.14,34.0,9.3,Fine
0.6,0.1,1.001,12.5,14.0,0.49,4.3,3.25,0.74,5.0,11.9,Fine
0.21,0.088,0.9972,10.9,32.0,0.49,2.8,3.22,0.68,11.0,11.7,Fine
0.365,0.088,0.9966,7.3,106.0,0.49,2.5,3.36,0.78,39.0,11.0,Fine
0.25,0.088,0.9982,9.8,33.0,0.49,2.7,3.42,0.9,15.0,10.0,Fine
0.41,0.088,0.998,7.6,43.0,0.49,2.0,3.48,0.64,16.0,9.1,Fine
0.39,0.099,0.9979,8.2,133.0,0.49,2.3,3.38,0.99,47.0,9.8,Fine
0.4,0.085,0.9978,9.3,142.0,0.49,2.5,3.22,0.55,38.0,9.4,Fine
0.43,0.086,0.9976,9.2,116.0,0.49,2.4,3.23,0.64,23.0,9.5,Fine
0.64,0.105,0.9998,10.4,53.0,0.24,2.8,3.24,0.67,29.0,9.9,Fine
0.365,0.088,0.9966,7.3,106.0,0.49,2.5,3.36,0.78,39.0,11.0,Fine
0.38,0.097,0.9962,7.0,85.0,0.49,2.5,3.39,0.77,33.0,11.4,Fine
0.42,0.084,0.9988,8.2,55.0,0.49,2.6,3.34,0.75,32.0,8.7,Fine
0.63,0.077,0.9974,9.9,33.0,0.24,2.4,3.09,0.57,6.0,9.4,Fine
0.22,0.078,0.999,9.1,28.0,0.24,2.1,3.41,0.87,1.0,10.3,Fine
0.38,0.098,1.0004,11.9,42.0,0.49,2.7,3.16,0.61,12.0,10.3,Fine
0.38,0.098,1.0004,11.9,42.0,0.49,2.7,3.16,0.61,12.0,10.3,Fine
0.27,0.072,0.9956,10.3,33.0,0.24,2.1,3.22,0.66,15.0,12.8,Fine
0.48,0.102,1.0,10.0,32.0,0.24,2.7,3.28,0.56,13.0,10.0,Fine
0.22,0.078,0.999,9.1,28.0,0.24,2.1,3.41,0.87,1.0,10.3,Fine
0.63,0.077,0.9974,9.9,33.0,0.24,2.4,3.09,0.57,6.0,9.4,Fine
0.825,0.084,0.9972,8.1,13.0,0.24,2.1,3.37,0.77,5.0,10.7,Fine
0.5,0.1,0.9996,11.2,17.0,0.74,5.15,3.22,0.62,5.0,11.2,Fine
0.59,0.101,0.9988,9.2,47.0,0.24,3.3,3.26,0.67,20.0,9.6,Fine
0.46,0.064,0.9988,9.5,17.0,0.49,6.3,3.21,0.73,5.0,11.0,Fine
0.715,0.07,0.9966,9.3,20.0,0.24,2.1,3.12,0.59,5.0,9.9,Fine
0.66,0.085,0.9993,11.2,53.0,0.24,2.5,3.06,0.72,16.0,11.0,Fine
0.31,0.075,1.0008,14.3,15.0,0.74,1.8,2.86,0.79,6.0,8.4,Fine
0.47,0.094,0.9982,9.1,106.0,0.49,2.6,3.08,0.59,38.0,9.1,Fine
0.55,0.078,0.9983,7.5,28.0,0.24,2.0,3.45,0.78,10.0,9.5,Fine
0.31,0.067,0.9987,10.6,21.0,0.49,2.5,3.26,0.86,6.0,10.7,Fine
0.35,0.079,0.9994,12.4,69.0,0.49,2.6,3.12,0.75,27.0,10.4,Fine
0.53,0.171,0.9975,9.0,25.0,0.49,1.9,3.27,0.61,6.0,9.4,Fine
0.51,0.074,0.9958,6.8,25.0,0.01,2.1,3.33,0.56,9.0,9.5,Fine
0.43,0.092,0.998,9.4,45.0,0.24,2.8,3.19,0.73,14.0,10.0,Fine
0.46,0.092,0.998,9.5,44.0,0.24,2.7,3.12,0.74,14.0,10.0,Fine
1.04,0.05,0.9934,5.0,96.0,0.24,1.6,3.74,0.62,32.0,11.5,Fine
0.645,0.095,1.00315,15.5,23.0,0.49,4.2,2.92,0.74,10.0,11.1,Fine
0.645,0.095,1.00315,15.5,23.0,0.49,4.2,2.92,0.74,10.0,11.1,Fine
0.53,0.118,1.0002,10.9,17.0,0.49,4.6,3.07,0.56,10.0,11.7,Fine
0.645,0.095,1.00315,15.6,23.0,0.49,4.2,2.92,0.74,10.0,11.1,Fine
0.53,0.118,1.0002,10.9,17.0,0.49,4.6,3.07,0.56,10.0,11.7,Fine
0.47,0.085,1.0021,13.0,47.0,0.49,4.3,3.3,0.68,6.0,12.7,Fine
0.6,0.075,0.9994,12.7,19.0,0.49,2.8,3.14,0.57,5.0,11.4,Fine
0.44,0.078,0.9978,9.0,121.0,0.49,2.4,3.23,0.58,26.0,9.2,Fine
0.54,0.094,0.9982,9.0,110.0,0.49,2.9,3.08,0.61,41.0,9.2,Fine
0.29,0.092,0.9971,7.6,60.0,0.49,2.7,3.31,0.61,25.0,10.1,Fine
0.47,0.085,1.0021,13.0,47.0,0.49,4.3,3.3,0.68,6.0,12.7,Fine
0.6,0.075,0.9994,12.7,19.0,0.49,2.8,3.14,0.57,5.0,11.4,Fine
0.7,0.226,0.9991,8.7,15.0,0.24,2.5,3.32,0.6,5.0,9.0,Fine
0.7,0.226,0.9991,8.7,15.0,0.24,2.5,3.32,0.6,5.0,9.0,Fine
0.5,0.25,0.999,9.8,20.0,0.49,2.6,3.31,0.79,5.0,10.7,Fine
0.36,0.095,0.9946,6.2,42.0,0.24,2.2,3.57,0.57,19.0,11.7,Fine
0.35,0.07,1.0003,11.5,37.0,0.49,3.3,3.32,0.91,10.0,11.0,Fine
0.36,0.095,0.9946,6.2,42.0,0.24,2.2,3.57,0.57,19.0,11.7,Fine
0.24,0.075,0.9978,10.2,28.0,0.49,2.4,3.14,0.61,10.0,10.4,Fine
0.34,0.078,0.9992,10.6,78.0,0.49,3.2,3.19,0.7,20.0,10.0,Fine
0.27,0.079,0.9993,12.3,46.0,0.49,3.1,3.2,0.8,28.0,10.2,Fine
0.44,0.083,0.9982,8.8,111.0,0.49,2.8,3.3,0.6,18.0,9.5,Fine
0.47,0.085,0.9982,8.8,110.0,0.49,2.9,3.29,0.6,17.0,9.8,Fine
0.31,0.063,0.9976,10.6,40.0,0.49,2.2,3.14,0.51,18.0,9.8,Fine
0.5,0.089,1.0002,12.3,14.0,0.49,2.2,3.19,0.44,5.0,9.6,Fine
0.5,0.089,1.0002,12.3,14.0,0.49,2.2,3.19,0.44,5.0,9.6,Fine
0.49,0.083,1.0,11.7,15.0,0.49,2.2,3.19,0.43,5.0,9.2,Fine
0.51,0.091,0.998,7.6,38.0,0.24,2.4,3.47,0.66,8.0,9.6,Fine
0.73,0.108,0.9967,7.3,102.0,0.24,1.9,3.26,0.59,18.0,9.3,Fine
0.45,0.084,0.9987,9.0,75.0,0.49,2.6,3.35,0.57,21.0,9.7,Fine
0.39,0.07,0.9922,6.6,149.0,0.49,1.7,3.12,0.5,23.0,11.5,Fine
0.45,0.084,0.9987,9.0,75.0,0.49,2.6,3.35,0.57,21.0,9.7,Fine
0.49,0.094,1.0004,9.9,43.0,0.58,3.5,3.29,0.58,9.0,9.0,Fine
0.72,0.096,0.9978,7.9,38.0,0.17,2.6,3.4,0.53,20.0,9.5,Fine
0.595,0.086,0.9998,8.9,109.0,0.41,7.9,3.27,0.57,30.0,9.3,Fine
0.4,0.059,0.9994,12.4,24.0,0.51,2.0,3.04,0.6,6.0,9.3,Fine
0.58,0.071,0.998,11.9,18.0,0.58,1.9,3.09,0.63,5.0,10.0,Fine
0.585,0.078,0.9967,8.5,30.0,0.18,2.1,3.2,0.48,5.0,9.8,Fine
0.59,0.082,1.0,12.7,22.0,0.45,2.3,3.0,0.7,11.0,9.3,Fine
0.46,0.071,1.0006,13.2,35.0,0.52,2.2,3.1,0.56,12.0,9.0,Fine
0.835,0.081,0.9975,7.7,14.0,0.0,2.6,3.3,0.52,6.0,9.3,Fine
0.46,0.071,1.0006,13.2,35.0,0.52,2.2,3.1,0.56,12.0,9.0,Fine
0.58,0.096,0.9984,8.3,63.0,0.13,2.9,3.17,0.62,14.0,9.1,Fine
0.6,0.085,0.9984,8.3,24.0,0.13,2.6,3.31,0.59,6.0,9.2,Fine
0.48,0.092,0.9982,8.8,52.0,0.41,3.3,3.31,0.53,26.0,10.5,Fine
0.65,0.11,1.0026,10.1,65.0,0.37,5.1,3.32,0.64,11.0,10.4,Fine
0.36,0.075,0.9956,6.3,39.0,0.19,3.2,3.56,0.52,15.0,12.7,Fine
0.24,0.083,0.9983,8.8,57.0,0.54,2.5,3.39,0.54,25.0,9.2,Fine
0.38,0.081,1.0006,13.2,16.0,0.55,2.7,2.98,0.54,5.0,9.4,Fine
0.64,0.077,0.9965,7.5,29.0,0.0,2.4,3.32,0.6,18.0,10.0,Fine
0.39,0.058,0.9962,8.2,29.0,0.38,1.5,3.26,0.74,10.0,9.8,Fine
0.755,0.148,0.9969,9.2,103.0,0.18,2.2,2.87,1.36,10.0,10.2,Fine
0.6,0.079,0.9997,9.6,71.0,0.5,2.3,3.5,0.57,28.0,9.7,Fine
0.6,0.079,0.9997,9.6,71.0,0.5,2.3,3.5,0.57,28.0,9.7,Fine
0.31,0.079,0.9982,11.5,28.0,0.51,2.2,3.03,0.93,14.0,9.8,Fine
0.46,0.122,1.0006,11.4,17.0,0.5,2.7,3.13,0.7,4.0,10.2,Fine
0.37,0.088,0.9988,11.3,16.0,0.41,2.3,3.09,0.8,6.0,9.3,Fine
0.54,0.076,0.9976,8.3,112.0,0.24,3.4,3.27,0.61,16.0,9.4,Fine
0.56,0.078,0.9976,8.2,104.0,0.23,3.4,3.28,0.62,14.0,9.4,Fine
0.58,0.08,0.9974,10.0,32.0,0.22,1.9,3.13,0.55,9.0,9.5,Fine
0.51,0.077,0.9974,7.9,45.0,0.25,2.9,3.49,0.96,21.0,12.1,Fine
0.69,0.124,0.9997,6.8,58.0,0.0,5.6,3.46,0.72,21.0,10.2,Fine
0.69,0.124,0.9997,6.8,58.0,0.0,5.6,3.46,0.72,21.0,10.2,Fine
0.6,0.098,0.9988,8.8,15.0,0.29,2.2,3.36,0.49,5.0,9.1,Fine
0.6,0.098,0.9988,8.8,15.0,0.29,2.2,3.36,0.49,5.0,9.1,Fine
0.54,0.097,0.9976,8.7,31.0,0.26,2.5,3.27,0.6,7.0,9.3,Fine
0.685,0.111,0.9964,7.6,84.0,0.23,2.3,3.21,0.61,20.0,9.3,Fine
0.54,0.097,0.9976,8.7,31.0,0.26,2.5,3.27,0.6,7.0,9.3,Fine
0.28,0.105,0.9988,10.4,19.0,0.54,2.7,3.25,0.63,5.0,9.5,Fine
0.41,0.087,0.9964,7.6,43.0,0.14,3.0,3.32,0.57,21.0,10.5,Fine
0.35,0.073,0.9964,7.9,102.0,0.21,1.9,3.27,0.58,46.0,9.5,Fine
0.84,0.065,0.9954,8.7,33.0,0.0,1.4,3.27,0.55,24.0,9.7,Fine
0.88,0.086,0.9979,9.6,147.0,0.28,2.4,3.24,0.53,30.0,9.4,Fine
0.885,0.084,0.9978,9.5,145.0,0.27,2.3,3.24,0.53,31.0,9.4,Fine
0.29,0.067,0.997,8.9,57.0,0.35,1.9,3.18,1.36,25.0,10.3,Fine
0.54,0.071,0.9991,9.9,40.0,0.45,2.3,3.39,0.62,16.0,9.4,Fine
0.59,0.071,0.9992,9.5,68.0,0.44,2.3,3.46,0.63,21.0,9.5,Fine
0.54,0.071,0.9991,9.9,40.0,0.45,2.3,3.39,0.62,16.0,9.4,Fine
0.59,0.071,0.9992,9.5,68.0,0.44,2.3,3.46,0.63,21.0,9.5,Fine
0.54,0.071,0.9991,9.9,40.0,0.45,2.3,3.39,0.62,16.0,9.4,Fine
0.67,0.107,0.9972,7.3,20.0,0.05,3.6,3.4,0.63,6.0,10.1,Fine
0.42,0.068,0.9948,6.7,148.0,0.27,8.6,3.16,0.57,24.0,11.3,Fine
0.43,0.106,0.9986,10.7,32.0,0.39,2.2,2.89,0.5,8.0,9.6,Fine
0.88,0.104,1.001,9.8,155.0,0.25,2.5,3.41,0.67,35.0,11.2,Fine
0.36,0.096,0.9976,15.9,71.0,0.65,7.5,2.98,0.84,22.0,14.9,Fine
0.33,0.079,0.9976,9.4,30.0,0.59,2.8,3.12,0.54,9.0,12.0,Fine
0.47,0.074,0.9979,8.6,29.0,0.47,2.4,3.08,0.46,7.0,9.5,Fine
0.55,0.087,1.0004,9.7,53.0,0.17,2.9,3.14,0.61,20.0,9.4,Fine
0.43,0.106,0.9986,10.7,32.0,0.39,2.2,2.89,0.5,8.0,9.6,Fine
0.52,0.074,0.9973,7.2,20.0,0.07,1.4,3.32,0.81,5.0,9.6,Fine
0.52,0.074,0.9973,7.2,20.0,0.07,1.4,3.32,0.81,5.0,9.6,Fine
0.42,0.08,0.9978,7.5,42.0,0.31,1.6,3.31,0.64,15.0,9.0,Fine
0.57,0.076,0.9972,7.2,27.0,0.06,1.6,3.36,0.7,9.0,9.6,Fine
0.28,0.05,0.9974,10.1,13.0,0.46,1.8,3.04,0.79,5.0,10.2,Fine
0.4,0.092,1.0,12.1,54.0,0.52,2.0,3.03,0.66,15.0,10.2,Fine
0.59,0.084,0.9981,9.4,48.0,0.14,2.0,3.14,0.56,25.0,9.7,Fine
0.49,0.222,0.998,8.3,16.0,0.36,1.8,3.18,0.6,6.0,9.5,Fine
0.34,0.082,0.9988,11.3,15.0,0.45,2.0,2.94,0.66,6.0,9.2,Fine
0.73,0.059,0.9966,10.0,31.0,0.43,2.3,3.15,0.57,15.0,11.0,Fine
0.34,0.082,0.9988,11.3,15.0,0.45,2.0,2.94,0.66,6.0,9.2,Fine
0.4,0.083,0.9959,6.9,45.0,0.24,2.5,3.26,0.58,30.0,10.0,Fine
0.73,0.074,0.9968,8.2,13.0,0.21,1.7,3.2,0.52,5.0,9.5,Fine
1.24,0.079,0.998,9.8,151.0,0.34,2.0,3.15,0.53,32.0,9.5,Fine
0.73,0.074,0.9968,8.2,13.0,0.21,1.7,3.2,0.52,5.0,9.5,Fine
0.4,0.084,0.9984,10.8,17.0,0.41,2.2,3.08,0.67,7.0,9.3,Fine
0.41,0.064,0.9984,9.3,31.0,0.39,2.2,3.26,0.65,12.0,10.2,Fine
0.4,0.084,0.9984,10.8,17.0,0.41,2.2,3.08,0.67,7.0,9.3,Fine
0.8,0.084,0.9979,8.6,31.0,0.11,2.3,3.4,0.48,12.0,9.9,Fine
0.78,0.081,0.9983,8.3,87.0,0.1,2.6,3.48,0.53,45.0,10.0,Fine
0.26,0.06,0.9972,10.8,49.0,0.45,3.3,3.13,0.54,20.0,9.6,Fine
0.43,0.07,1.0004,13.3,40.0,0.58,1.9,3.06,0.49,15.0,9.0,Fine
0.45,0.094,0.9962,8.0,29.0,0.23,2.2,3.21,0.49,16.0,10.2,Fine
0.46,0.078,0.998,8.5,58.0,0.31,2.25,3.33,0.54,32.0,9.8,Fine
0.78,0.059,0.997,8.1,15.0,0.23,2.6,3.37,0.56,5.0,11.3,Fine
0.98,0.078,0.998,9.8,152.0,0.32,2.3,3.25,0.48,35.0,9.4,Fine
0.78,0.059,0.997,8.1,15.0,0.23,2.6,3.37,0.56,5.0,11.3,Fine
0.65,0.07,0.997,7.1,40.0,0.18,1.8,3.44,0.6,13.0,9.1,Fine
0.64,0.095,0.9998,9.1,38.0,0.23,3.1,3.28,0.59,13.0,9.7,Fine
0.66,0.039,0.9962,7.7,9.0,0.04,1.6,3.4,0.47,4.0,9.4,Fine
0.38,0.157,0.9976,8.1,17.0,0.48,1.8,3.3,1.05,5.0,9.4,Fine
0.92,0.087,0.9998,9.2,93.0,0.24,2.6,3.48,0.54,12.0,9.8,Fine
0.49,0.422,0.9979,8.6,62.0,0.51,2.0,3.03,1.17,16.0,9.0,Fine
0.48,0.084,0.9984,9.0,122.0,0.32,2.8,3.32,0.62,21.0,9.4,Fine
0.47,0.084,0.9984,9.0,125.0,0.31,2.7,3.31,0.61,24.0,9.4,Fine
0.47,0.034,0.9921,5.1,44.0,0.02,1.3,3.9,0.62,18.0,12.8,Fine
0.65,0.066,0.9972,7.0,25.0,0.02,2.1,3.47,0.67,8.0,9.5,Fine
0.65,0.066,0.9972,7.0,25.0,0.02,2.1,3.47,0.67,8.0,9.5,Fine
0.615,0.087,1.0001,9.4,72.0,0.28,3.2,3.31,0.53,18.0,9.7,Fine
0.38,0.071,0.9986,11.8,19.0,0.55,2.1,3.11,0.62,5.0,10.8,Fine
1.02,0.076,0.9984,10.6,88.0,0.43,2.9,3.08,0.57,26.0,10.1,Fine
0.65,0.066,0.9972,7.0,25.0,0.02,2.1,3.47,0.67,8.0,9.5,Fine
0.64,0.067,0.997,7.0,23.0,0.02,2.1,3.47,0.67,9.0,9.4,Fine
1.035,0.073,0.999,8.4,54.0,0.15,6.0,3.37,0.49,11.0,9.9,Fine
0.78,0.093,0.9956,7.0,19.0,0.08,2.0,3.4,0.47,10.0,10.0,Fine
0.49,0.077,0.9966,7.4,37.0,0.19,3.0,3.37,0.51,16.0,10.5,Fine
0.545,0.068,0.996,7.8,35.0,0.12,2.5,3.34,0.61,11.0,11.6,Fine
0.31,0.062,0.9983,9.7,33.0,0.47,1.6,3.27,0.66,13.0,10.0,Fine
1.025,0.08,0.9985,10.6,84.0,0.43,2.8,3.06,0.57,21.0,10.1,Fine
0.565,0.093,0.9998,8.9,112.0,0.34,3.0,3.38,0.61,16.0,9.5,Fine
0.69,0.084,0.9992,8.7,33.0,0.0,3.2,3.36,0.45,13.0,9.4,Fine
0.43,0.075,0.9976,8.0,48.0,0.36,2.3,3.34,0.46,10.0,9.4,Fine
0.74,0.078,0.998,9.9,77.0,0.28,2.6,3.28,0.51,21.0,9.8,Fine
0.49,0.069,0.9967,7.2,34.0,0.18,2.7,3.29,0.48,13.0,9.2,Fine
0.43,0.075,0.9976,8.0,48.0,0.36,2.3,3.34,0.46,10.0,9.4,Fine
0.46,0.079,0.9968,7.6,49.0,0.11,2.6,3.21,0.57,12.0,10.0,Fine
0.56,0.082,0.9976,8.4,22.0,0.04,2.0,3.22,0.44,10.0,9.6,Fine
0.66,0.086,0.9976,7.1,45.0,0.0,3.9,3.46,0.54,17.0,9.5,Fine
0.56,0.082,0.9976,8.4,22.0,0.04,2.0,3.22,0.44,10.0,9.6,Fine
0.48,0.094,0.9982,8.9,106.0,0.24,2.85,3.1,0.53,35.0,9.2,Fine
0.42,0.084,0.9968,7.6,48.0,0.08,2.7,3.21,0.59,15.0,10.0,Fine
0.31,0.053,0.9965,7.1,127.0,0.3,2.2,2.94,1.62,36.0,9.5,Fine
0.66,0.077,0.9976,9.0,13.0,0.17,3.0,3.29,0.55,5.0,10.4,Fine
0.72,0.084,0.9994,8.1,49.0,0.09,2.8,3.43,0.72,18.0,11.1,Fine
0.57,0.067,0.997,6.4,11.0,0.02,1.8,3.46,0.68,4.0,9.5,Fine
0.57,0.067,0.997,6.4,11.0,0.02,1.8,3.46,0.68,4.0,9.5,Fine
0.865,0.071,0.995,6.4,58.0,0.03,3.2,3.61,0.49,27.0,12.7,Fine
0.55,0.387,0.9982,9.5,37.0,0.66,2.3,3.17,0.67,12.0,9.6,Fine
0.875,0.088,0.9994,8.9,14.0,0.13,3.45,3.44,0.52,4.0,11.5,Fine
0.835,0.092,0.9966,7.3,19.0,0.03,2.1,3.39,0.47,10.0,9.6,Fine
0.45,0.082,0.998,7.0,72.0,0.34,2.7,3.55,0.6,16.0,9.5,Fine
0.56,0.075,0.9987,7.7,39.0,0.2,2.0,3.48,0.62,9.0,9.3,Fine
0.965,0.112,0.9963,7.7,22.0,0.1,2.1,3.26,0.5,11.0,9.5,Fine
0.965,0.112,0.9963,7.7,22.0,0.1,2.1,3.26,0.5,11.0,9.5,Fine
0.59,0.093,1.0002,8.2,58.0,0.0,2.5,3.5,0.65,19.0,9.3,Fine
0.46,0.092,0.9983,9.0,104.0,0.23,2.8,3.1,0.56,28.0,9.2,Fine
0.69,0.088,0.999,9.0,38.0,0.0,2.4,3.35,0.6,19.0,9.3,Fine
0.76,0.075,0.9965,8.3,16.0,0.29,4.2,3.45,0.68,12.0,11.5,Fine
0.53,0.078,0.99788,9.2,139.0,0.24,2.6,3.21,0.57,28.0,9.5,Fine
0.615,0.065,0.9972,6.5,18.0,0.0,1.9,3.46,0.65,9.0,9.2,Fine
0.41,0.096,1.00024,11.6,101.0,0.58,2.8,3.13,0.53,25.0,10.0,Fine
0.39,0.095,1.0001,11.1,101.0,0.54,2.7,3.13,0.51,21.0,9.5,Fine
0.51,0.07,0.99768,7.3,28.0,0.18,2.1,3.52,0.73,12.0,9.5,Fine
0.34,0.08,0.9978,8.2,57.0,0.38,2.5,3.3,0.47,12.0,9.0,Fine
0.33,0.083,0.99782,8.6,68.0,0.4,2.6,3.3,0.48,16.0,9.4,Fine
0.5,0.071,0.99761,7.2,31.0,0.18,2.1,3.52,0.72,12.0,9.6,Fine
0.51,0.07,0.99768,7.3,28.0,0.18,2.1,3.52,0.73,12.0,9.5,Fine
0.65,0.089,0.99803,8.3,40.0,0.1,2.9,3.29,0.55,17.0,9.5,Fine
0.65,0.089,0.99803,8.3,40.0,0.1,2.9,3.29,0.55,17.0,9.5,Fine
0.54,0.097,0.99785,7.6,66.0,0.13,2.5,3.39,0.61,24.0,9.4,Fine
0.65,0.089,0.99803,8.3,40.0,0.1,2.9,3.29,0.55,17.0,9.5,Fine
0.48,0.415,0.99656,7.8,32.0,0.68,1.7,3.09,1.06,14.0,9.1,Fine
0.91,0.058,0.99525,7.8,47.0,0.07,1.9,3.51,0.43,22.0,10.7,Fine
0.98,0.057,0.99488,6.3,33.0,0.01,2.0,3.6,0.46,15.0,11.2,Fine
0.87,0.084,0.99656,8.1,31.0,0.0,2.2,3.25,0.5,10.0,9.8,Fine
0.87,0.084,0.99656,8.1,31.0,0.0,2.2,3.25,0.5,10.0,9.8,Fine
0.42,0.092,0.99823,8.8,88.0,0.21,2.5,3.19,0.52,33.0,9.2,Fine
0.58,0.075,0.99779,9.0,104.0,0.25,2.8,3.23,0.57,9.0,9.7,Fine
0.655,0.096,0.99738,9.3,35.0,0.26,2.0,3.25,0.42,5.0,9.6,Fine
0.7,0.069,0.99701,8.8,19.0,0.0,1.7,3.31,0.53,8.0,10.0,Fine
0.655,0.096,0.99738,9.3,35.0,0.26,2.0,3.25,0.42,5.0,9.6,Fine
0.68,0.093,0.99888,9.1,44.0,0.11,2.8,3.31,0.55,11.0,9.5,Fine
0.67,0.091,0.99888,9.2,48.0,0.1,3.0,3.31,0.54,12.0,9.5,Fine
0.59,0.089,0.99738,8.8,74.0,0.18,2.9,3.14,0.54,12.0,9.4,Fine
0.6,0.103,0.99938,7.5,98.0,0.32,2.7,3.45,0.62,13.0,9.5,Fine
0.59,0.082,0.99744,7.1,94.0,0.02,2.3,3.55,0.53,24.0,9.7,Fine
0.72,0.076,0.99668,7.9,32.0,0.01,1.9,3.39,0.54,7.0,9.6,Fine
0.59,0.082,0.99744,7.1,94.0,0.02,2.3,3.55,0.53,24.0,9.7,Fine
0.685,0.082,0.9978,9.4,143.0,0.26,2.4,3.28,0.55,23.0,9.4,Fine
0.57,0.082,0.99782,9.5,144.0,0.27,2.3,3.27,0.55,23.0,9.4,Fine
0.4,0.157,0.9973,7.9,44.0,0.29,1.8,3.3,0.92,1.0,9.5,Fine
0.4,0.157,0.99727,7.9,45.0,0.3,1.8,3.31,0.91,2.0,9.5,Fine
1.0,0.102,0.99586,7.2,16.0,0.0,3.0,3.43,0.46,7.0,10.0,Fine
0.765,0.243,0.99612,6.9,48.0,0.18,2.4,3.4,0.6,5.5,10.3,Fine
0.635,0.241,0.9961,6.9,18.0,0.17,2.4,3.4,0.59,6.0,10.3,Fine
0.43,0.079,0.99788,8.3,34.0,0.3,3.4,3.36,0.61,7.0,10.5,Fine
0.52,0.076,0.99745,7.1,92.0,0.03,2.6,3.5,0.6,21.0,9.8,Fine
0.57,0.19,0.99676,7.0,45.0,0.0,2.0,3.31,0.6,12.0,9.4,Fine
0.46,0.114,0.99732,6.5,37.0,0.14,2.4,3.66,0.65,9.0,9.8,Fine
0.82,0.081,0.99814,9.0,96.0,0.05,2.4,3.36,0.53,26.0,10.0,Fine
0.46,0.114,0.99732,6.5,37.0,0.14,2.4,3.66,0.65,9.0,9.8,Fine
0.59,0.077,0.99746,7.1,85.0,0.01,2.5,3.55,0.59,20.0,9.8,Fine
0.35,0.083,0.9982,9.9,61.0,0.41,2.3,3.21,0.5,11.0,9.5,Fine
0.35,0.083,0.9982,9.9,61.0,0.41,2.3,3.21,0.5,11.0,9.5,Fine
0.56,0.079,0.9991,10.0,58.0,0.24,2.2,3.18,0.56,19.0,10.1,Fine
0.56,0.079,0.9991,10.0,58.0,0.24,2.2,3.18,0.56,19.0,10.1,Fine
0.63,0.099,0.998,8.6,119.0,0.17,2.9,3.09,0.52,21.0,9.3,Fine
0.37,0.082,0.99708,7.4,82.0,0.43,2.6,3.33,0.68,18.0,9.7,Fine
0.64,0.084,0.99818,8.8,130.0,0.17,2.9,3.23,0.54,25.0,9.6,Fine
0.61,0.081,0.99745,7.1,87.0,0.02,2.5,3.48,0.6,17.0,9.7,Fine
0.6,0.055,0.99639,7.7,13.0,0.0,2.6,3.38,0.56,7.0,10.8,Fine
0.27,0.065,0.99531,10.1,26.0,0.54,2.3,3.17,0.53,7.0,12.5,Fine
0.89,0.132,0.99786,10.8,60.0,0.3,2.6,2.99,1.18,7.0,10.2,Fine
0.46,0.126,0.99746,8.7,64.0,0.31,2.5,3.1,0.74,24.0,9.6,Fine
0.5,0.082,0.9987,9.4,14.0,0.34,3.6,3.29,0.52,5.0,10.7,Fine
0.5,0.082,0.9987,9.4,14.0,0.34,3.6,3.29,0.52,5.0,10.7,Fine
0.61,0.082,0.99641,7.2,108.0,0.08,4.0,3.25,0.51,26.0,9.4,Fine
0.55,0.068,0.99735,8.6,17.0,0.09,3.3,3.23,0.44,8.0,10.0,Fine
0.56,0.114,0.9971,7.7,46.0,0.08,2.5,3.24,0.66,14.0,9.6,Fine
0.52,0.084,0.99682,8.4,18.0,0.22,2.7,3.26,0.57,4.0,9.9,Fine
0.53,0.165,0.99702,7.4,12.0,0.12,1.9,3.26,0.86,4.0,9.2,Fine
0.48,0.07,0.99693,7.6,15.0,0.31,2.8,3.22,0.55,4.0,10.3,Fine
0.49,0.068,0.99562,7.3,14.0,0.1,2.6,3.3,0.47,4.0,10.5,Fine
0.5,0.072,1.00012,12.9,24.0,0.55,2.8,3.09,0.68,7.0,10.9,Fine
0.45,0.099,0.99818,10.8,38.0,0.33,2.5,3.24,0.71,20.0,10.8,Fine
0.41,0.103,0.99939,12.6,41.0,0.54,2.8,3.21,0.76,19.0,11.3,Fine
0.45,0.099,0.99818,10.8,38.0,0.33,2.5,3.24,0.71,20.0,10.8,Fine
0.51,0.081,0.9984,9.8,30.0,0.19,3.2,3.23,0.58,8.0,10.5,Fine
0.29,0.084,0.99545,10.8,27.0,0.42,1.6,3.28,0.73,19.0,11.9,Fine
0.715,0.071,0.99632,7.1,47.0,0.0,2.35,3.29,0.45,21.0,9.4,Fine
0.66,0.097,0.99976,9.1,59.0,0.15,3.2,3.28,0.54,9.0,9.6,Fine
0.685,0.099,0.99606,7.0,22.0,0.0,1.9,3.34,0.6,9.0,9.7,Fine
0.54,0.076,0.9973,6.7,36.0,0.13,2.0,3.61,0.64,15.0,9.8,Fine
0.54,0.076,0.9973,6.7,36.0,0.13,2.0,3.61,0.64,15.0,9.8,Fine
0.48,0.068,0.99682,7.1,16.0,0.28,2.8,3.24,0.53,6.0,10.3,Fine
0.46,0.076,0.99624,7.1,37.0,0.14,2.8,3.36,0.49,15.0,10.7,Fine
0.46,0.076,0.99624,7.1,37.0,0.14,2.8,3.36,0.49,15.0,10.7,Fine
0.61,0.071,0.99376,5.9,24.0,0.08,2.1,3.56,0.77,16.0,11.1,Fine
0.61,0.071,0.99376,5.9,24.0,0.08,2.1,3.56,0.77,16.0,11.1,Fine
0.685,0.088,0.99694,8.8,23.0,0.26,1.6,3.32,0.47,16.0,9.4,Fine
0.665,0.066,0.99655,7.6,55.0,0.1,1.5,3.39,0.51,27.0,9.3,Fine
0.5,0.092,0.99647,6.0,26.0,0.04,2.2,3.46,0.47,13.0,10.0,Fine
0.66,0.115,0.99629,6.6,31.0,0.0,3.0,3.45,0.63,21.0,10.3,Fine
0.5,0.119,0.99708,10.6,68.0,0.45,2.6,3.23,0.72,34.0,10.9,Fine
0.685,0.088,0.9963,7.1,92.0,0.35,2.0,3.28,0.62,9.0,9.4,Fine
0.25,0.062,0.9959,9.9,42.0,0.46,1.7,3.18,0.83,26.0,10.6,Fine
0.64,0.081,0.99689,6.4,31.0,0.21,1.8,3.59,0.66,14.0,9.8,Fine
0.64,0.081,0.99689,6.4,31.0,0.21,1.8,3.59,0.66,14.0,9.8,Fine
0.68,0.078,0.9977,7.4,39.0,0.16,1.8,3.5,0.7,12.0,9.9,Fine
0.64,0.081,0.99689,6.4,31.0,0.21,1.8,3.59,0.66,14.0,9.8,Fine
0.63,0.08,0.99689,6.4,32.0,0.21,1.6,3.58,0.66,12.0,9.8,Fine
0.43,0.085,0.99708,9.3,22.0,0.44,1.9,3.28,0.55,9.0,9.5,Fine
0.43,0.085,0.99708,9.3,22.0,0.44,1.9,3.28,0.55,9.0,9.5,Fine
0.42,0.08,0.99801,8.0,122.0,0.32,2.5,3.22,1.07,26.0,9.7,Fine
0.36,0.08,0.99652,9.3,55.0,0.39,1.5,3.47,0.73,41.0,10.9,Fine
0.36,0.08,0.99652,9.3,55.0,0.39,1.5,3.47,0.73,41.0,10.9,Fine
0.36,0.08,0.99652,9.3,55.0,0.39,1.5,3.47,0.73,41.0,10.9,Fine
0.56,0.074,0.99438,6.8,24.0,0.22,1.8,3.4,0.82,15.0,11.2,Fine
0.62,0.077,0.99746,7.2,85.0,0.06,2.7,3.51,0.54,15.0,9.5,Fine
1.01,0.039,0.99357,5.8,88.0,0.66,2.0,3.66,0.6,15.0,11.5,Fine
0.42,0.067,0.99628,7.5,25.0,0.32,2.7,3.24,0.44,7.0,10.4,Fine
0.62,0.078,0.99746,7.2,84.0,0.06,2.5,3.51,0.53,17.0,9.7,Fine
0.62,0.077,0.99746,7.2,85.0,0.06,2.7,3.51,0.54,15.0,9.5,Fine
0.635,0.077,0.99748,7.2,86.0,0.07,2.6,3.51,0.54,16.0,9.7,Fine
0.49,0.071,0.99438,6.8,24.0,0.22,2.3,3.41,0.83,13.0,11.3,Fine
0.51,0.072,0.99438,6.9,22.0,0.23,2.0,3.4,0.84,13.0,11.2,Fine
0.56,0.074,0.99438,6.8,24.0,0.22,1.8,3.4,0.82,15.0,11.2,Fine
0.63,0.08,0.99578,7.6,43.0,0.03,2.0,3.44,0.64,27.0,10.9,Fine
0.715,0.064,0.99371,7.7,43.0,0.01,2.1,3.41,0.57,31.0,11.8,Fine
0.56,0.086,0.99522,6.9,46.0,0.03,1.5,3.53,0.57,36.0,10.6,Fine
0.715,0.064,0.99371,7.7,43.0,0.01,2.1,3.41,0.57,31.0,11.8,Fine
0.61,0.094,0.99787,8.8,69.0,0.19,4.0,3.22,0.5,30.0,10.0,Fine
0.6,0.076,0.99745,7.2,88.0,0.04,2.5,3.53,0.55,18.0,9.5,Fine
0.56,0.078,0.99576,9.2,21.0,0.18,1.6,3.15,0.49,10.0,9.9,Fine
0.715,0.068,0.99533,7.6,35.0,0.0,2.1,3.48,0.65,30.0,11.4,Fine
0.31,0.194,0.99536,8.4,26.0,0.29,3.1,3.22,0.78,14.0,12.0,Fine
0.6,0.076,0.99745,7.2,88.0,0.04,2.5,3.53,0.55,18.0,9.5,Fine
0.61,0.094,0.99787,8.8,69.0,0.19,4.0,3.22,0.5,30.0,10.0,Fine
0.75,0.086,0.99824,8.9,30.0,0.14,2.5,3.34,0.64,9.0,10.5,Fine
0.8,0.083,0.99836,9.0,28.0,0.12,2.4,3.33,0.65,8.0,10.4,Fine
0.57,0.072,0.99491,6.8,64.0,0.0,2.5,3.43,0.56,32.0,11.2,Fine
0.9,0.112,1.00289,10.7,99.0,0.34,6.6,3.22,0.68,23.0,9.3,Fine
0.34,0.071,0.99576,7.2,52.0,0.24,2.0,3.44,0.58,30.0,10.1,Fine
0.66,0.078,0.99743,7.2,86.0,0.03,2.3,3.53,0.57,16.0,9.7,Fine
0.45,0.082,0.99774,10.1,18.0,0.23,1.9,3.22,0.65,10.0,9.3,Fine
0.66,0.078,0.99743,7.2,86.0,0.03,2.3,3.53,0.57,16.0,9.7,Fine
0.63,0.08,0.99745,7.2,88.0,0.03,2.2,3.53,0.58,17.0,9.8,Fine
0.59,0.08,0.9955,7.1,43.0,0.01,2.3,3.42,0.58,27.0,10.7,Fine
0.59,0.08,0.9955,7.1,43.0,0.01,2.3,3.42,0.58,27.0,10.7,Fine
0.31,0.056,0.99562,8.9,39.0,0.36,2.6,3.4,0.69,10.0,11.8,Fine
0.58,0.081,0.998,9.2,115.0,0.2,3.0,3.23,0.59,15.0,9.5,Fine
0.54,0.084,0.9964,7.2,78.0,0.27,2.6,3.39,0.71,12.0,11.0,Fine
0.56,0.079,0.9948,6.1,9.0,0.0,2.2,3.59,0.54,6.0,11.5,Fine
0.52,0.078,0.99528,7.4,61.0,0.13,2.4,3.43,0.59,34.0,10.8,Fine
0.305,0.059,0.99331,7.3,11.0,0.39,1.2,3.29,0.52,7.0,11.5,Fine
0.38,0.132,0.99577,9.3,11.0,0.48,3.8,3.23,0.57,3.0,13.2,Fine
0.28,0.114,0.99901,9.1,9.0,0.46,9.0,3.18,0.6,3.0,10.9,Fine
0.46,0.065,0.99674,10.0,8.0,0.44,2.9,3.33,0.62,4.0,12.2,Fine
0.305,0.059,0.99331,7.3,11.0,0.39,1.2,3.29,0.52,7.0,11.5,Fine
0.315,0.079,0.99512,8.6,6.0,0.4,2.2,3.27,0.67,3.0,11.9,Fine
0.715,0.161,0.99395,5.3,62.0,0.19,1.5,3.62,0.61,7.0,11.0,Fine
0.41,0.084,0.99824,6.8,45.0,0.31,8.8,3.38,0.64,26.0,10.1,Fine
0.36,0.081,0.9964,8.4,79.0,0.32,2.2,3.3,0.72,32.0,11.0,Fine
0.62,0.072,0.99504,8.4,46.0,0.12,1.8,3.38,0.89,38.0,11.8,Fine
0.41,0.091,0.99786,9.6,23.0,0.37,2.3,3.24,0.56,10.0,10.5,Fine
0.36,0.081,0.9964,8.4,79.0,0.32,2.2,3.3,0.72,32.0,11.0,Fine
0.62,0.072,0.99504,8.4,46.0,0.12,1.8,3.38,0.89,38.0,11.8,Fine
0.41,0.084,0.99824,6.8,45.0,0.31,8.8,3.38,0.64,26.0,10.1,Fine
0.47,0.055,0.99516,8.6,28.0,0.27,2.3,3.18,0.8,14.0,11.2,Fine
0.24,0.061,0.99786,9.4,73.0,0.33,2.3,3.47,0.9,52.0,10.2,Fine
0.47,0.055,0.99516,8.6,28.0,0.27,2.3,3.18,0.8,14.0,11.2,Fine
0.61,0.08,0.99746,6.6,25.0,0.01,1.9,3.69,0.73,8.0,10.5,Fine
0.61,0.074,0.99748,7.4,38.0,0.01,2.0,3.48,0.65,13.0,9.8,Fine
0.4,0.078,0.9971,7.6,66.0,0.29,1.9,3.45,0.59,29.0,9.5,Fine
0.61,0.074,0.99748,7.4,38.0,0.01,2.0,3.48,0.65,13.0,9.8,Fine
0.61,0.08,0.99746,6.6,25.0,0.01,1.9,3.69,0.73,8.0,10.5,Fine
0.3,0.06,0.99543,8.8,72.0,0.38,2.3,3.39,0.72,19.0,11.8,Fine
0.3,0.06,0.99543,8.8,72.0,0.38,2.3,3.39,0.72,19.0,11.8,Fine
0.46,0.073,0.99425,6.2,11.0,0.17,1.6,3.61,0.54,7.0,11.4,Fine
0.43,0.082,0.99538,7.6,11.0,0.4,2.7,3.44,0.54,6.0,12.2,Fine
0.21,0.09,0.99648,8.5,23.0,0.52,1.9,3.36,0.67,9.0,10.4,Fine
0.36,0.111,0.99568,9.0,10.0,0.52,2.1,3.31,0.62,5.0,11.3,Fine
0.37,0.088,0.99613,9.5,51.0,0.52,2.0,3.29,0.58,12.0,11.1,Fine
0.59,0.089,0.99735,8.0,32.0,0.05,2.0,3.36,0.61,12.0,10.0,Fine
0.47,0.058,0.99518,8.5,38.0,0.27,1.9,3.16,0.85,18.0,11.1,Fine
0.56,0.078,0.99592,7.1,18.0,0.14,1.6,3.27,0.62,7.0,9.3,Fine
0.57,0.115,0.99654,6.6,16.0,0.02,2.1,3.38,0.69,6.0,9.5,Fine
0.27,0.1,0.99546,8.8,27.0,0.39,2.0,3.15,0.69,20.0,11.2,Fine
0.47,0.058,0.99518,8.5,38.0,0.27,1.9,3.16,0.85,18.0,11.1,Fine
0.34,0.065,0.99554,8.3,48.0,0.4,2.4,3.34,0.86,24.0,11.0,Fine
0.66,0.097,0.99733,8.5,113.0,0.2,2.1,3.13,0.48,23.0,9.2,Fine
0.4,0.068,0.9943,9.0,46.0,0.43,2.4,3.2,0.6,29.0,12.2,Fine
0.56,0.079,0.99669,6.7,22.0,0.09,2.9,3.46,0.61,7.0,10.2,Fine
0.26,0.066,0.99724,10.4,10.0,0.48,1.9,3.33,0.87,6.0,10.9,Fine
0.26,0.066,0.99724,10.4,10.0,0.48,1.9,3.33,0.87,6.0,10.9,Fine
0.34,0.079,0.99605,8.5,12.0,0.44,1.7,3.52,0.63,6.0,10.7,Fine
0.41,0.083,0.997,7.2,72.0,0.3,2.1,3.44,0.52,35.0,9.4,Fine
0.41,0.083,0.997,7.2,72.0,0.3,2.1,3.44,0.52,35.0,9.4,Fine
0.59,0.109,0.99801,8.4,119.0,0.29,2.6,3.15,0.5,31.0,9.1,Fine
0.45,0.075,0.9969,12.2,6.0,0.49,1.4,3.13,0.63,3.0,10.4,Fine
0.5,0.065,0.99774,9.1,17.0,0.3,1.9,3.32,0.71,8.0,10.5,Fine
0.86,0.079,0.99712,9.5,28.0,0.26,1.9,3.25,0.62,13.0,10.0,Fine
0.52,0.07,0.99418,7.3,70.0,0.32,2.1,3.34,0.82,51.0,12.9,Fine
0.5,0.065,0.99774,9.1,17.0,0.3,1.9,3.32,0.71,8.0,10.5,Fine
0.45,0.075,0.9969,12.2,6.0,0.49,1.4,3.13,0.63,3.0,10.4,Fine
0.58,0.064,0.99562,7.4,11.0,0.0,2.0,3.45,0.58,7.0,11.3,Fine
0.36,0.08,0.99693,7.1,70.0,0.3,1.6,3.44,0.5,35.0,9.4,Fine
0.39,0.097,0.99596,7.7,27.0,0.12,1.7,3.16,0.49,19.0,9.4,Fine
0.295,0.073,0.99556,9.7,21.0,0.4,1.5,3.14,0.51,14.0,10.9,Fine
0.39,0.097,0.99596,7.7,27.0,0.12,1.7,3.16,0.49,19.0,9.4,Fine
0.34,0.082,0.99694,7.1,68.0,0.28,2.0,3.45,0.48,31.0,9.4,Fine
0.4,0.076,0.99554,6.5,47.0,0.1,2.0,3.36,0.48,30.0,9.4,Fine
0.34,0.082,0.99694,7.1,68.0,0.28,2.0,3.45,0.48,31.0,9.4,Fine
0.35,0.092,0.99918,10.0,88.0,0.45,2.5,3.15,0.43,20.0,9.4,Fine
0.6,0.079,0.99697,7.7,41.0,0.06,2.0,3.39,0.62,19.0,10.1,Fine
0.84,0.05,0.99554,8.9,10.0,0.34,1.4,3.12,0.48,4.0,9.1,Fine
0.69,0.055,0.99162,6.4,12.0,0.0,1.65,3.47,0.53,7.0,12.9,Fine
0.43,0.081,0.99603,8.2,45.0,0.29,1.6,3.25,0.54,27.0,10.3,Fine
0.5,0.116,0.99722,9.6,55.0,0.36,2.8,3.18,0.68,26.0,10.9,Fine
0.32,0.088,0.9957,8.9,19.0,0.31,2.0,3.17,0.55,12.0,10.4,Fine
1.005,0.102,0.99604,7.7,32.0,0.15,2.1,3.23,0.48,11.0,10.0,Fine
0.71,0.092,0.99635,7.5,31.0,0.0,1.6,3.38,0.58,22.0,10.0,Fine
0.58,0.12,0.99454,8.0,7.0,0.16,2.0,3.22,0.58,3.0,11.2,Fine
0.39,0.075,0.99598,10.5,27.0,0.46,2.2,3.06,0.84,14.0,11.4,Fine
0.18,0.049,0.99007,8.0,109.0,0.37,0.9,2.89,0.44,36.0,12.7,Fine
0.18,0.049,0.99007,8.0,109.0,0.37,0.9,2.89,0.44,36.0,12.7,Fine
0.5,0.078,0.99636,7.0,23.0,0.14,1.8,3.53,0.61,10.0,10.4,Fine
0.36,0.123,0.99642,11.3,8.0,0.66,2.4,3.2,0.53,3.0,11.9,Fine
0.36,0.123,0.99642,11.3,8.0,0.66,2.4,3.2,0.53,3.0,11.9,Fine
0.51,0.062,0.99584,7.0,9.0,0.09,2.1,3.35,0.54,4.0,10.5,Fine
0.32,0.098,0.99506,8.2,9.0,0.42,2.3,3.27,0.55,3.0,12.3,Fine
0.83,0.095,0.99822,8.6,43.0,0.0,2.8,3.33,0.6,17.0,10.4,Fine
0.31,0.066,0.99364,7.9,36.0,0.32,1.9,3.41,0.56,14.0,12.6,Fine
0.795,0.065,0.99378,6.4,52.0,0.0,2.2,3.49,0.52,28.0,11.6,Fine
0.34,0.075,0.99586,7.2,68.0,0.21,2.5,3.37,0.54,41.0,10.1,Fine
0.82,0.095,0.99854,8.1,14.0,0.0,4.1,3.36,0.53,5.0,9.6,Fine
0.57,0.089,0.99592,7.5,27.0,0.08,2.6,3.3,0.59,14.0,10.4,Fine
0.745,0.077,0.99739,8.9,48.0,0.18,2.5,3.2,0.47,15.0,9.7,Fine
0.91,0.074,0.99672,7.3,56.0,0.1,1.8,3.35,0.56,20.0,9.2,Fine
0.5,0.088,0.99692,8.9,39.0,0.21,2.2,3.33,0.83,21.0,11.1,Fine
0.965,0.088,0.99756,7.4,32.0,0.0,2.2,3.58,0.67,16.0,10.2,Fine
0.49,0.079,0.99547,6.9,26.0,0.19,1.7,3.38,0.64,13.0,9.8,Fine
0.5,0.088,0.99692,8.9,39.0,0.21,2.2,3.33,0.83,21.0,11.1,Fine
0.39,0.046,0.99294,6.4,53.0,0.33,3.3,3.36,0.62,12.0,12.2,Fine
0.44,0.07,0.99438,6.9,38.0,0.0,1.4,3.32,0.58,32.0,11.4,Fine
0.78,0.076,0.99612,7.6,45.0,0.0,1.7,3.31,0.62,33.0,10.7,Fine
0.43,0.082,0.99634,7.1,51.0,0.17,1.8,3.49,0.64,27.0,10.4,Fine
0.49,0.081,0.99702,9.3,14.0,0.36,1.7,3.27,0.78,3.0,10.9,Fine
0.5,0.084,0.99704,9.3,17.0,0.36,1.8,3.27,0.77,6.0,10.8,Fine
0.43,0.082,0.99634,7.1,51.0,0.17,1.8,3.49,0.64,27.0,10.4,Fine
0.46,0.414,0.99702,8.5,45.0,0.59,1.4,3.03,1.34,16.0,9.2,Fine
0.605,0.073,0.99258,5.6,25.0,0.05,2.4,3.56,0.55,19.0,12.9,Fine
0.64,0.095,0.99747,8.2,77.0,0.27,2.0,3.13,0.62,5.0,9.1,Fine
0.64,0.095,0.99747,8.2,77.0,0.27,2.0,3.13,0.62,5.0,9.1,Fine
0.42,0.104,0.99784,7.6,90.0,0.25,3.9,3.15,0.57,28.0,9.1,Fine
0.23,0.074,0.9981,11.6,8.0,0.57,1.8,3.14,0.7,3.0,9.9,Fine
0.38,0.098,0.9956,8.0,15.0,0.44,1.9,3.3,0.64,6.0,11.4,Fine
0.29,0.075,0.99565,10.2,17.0,0.65,2.4,3.22,0.63,6.0,11.8,Fine
0.74,0.067,0.99418,8.2,10.0,0.09,2.0,3.28,0.57,5.0,11.8,Fine
0.61,0.083,0.9963,7.7,20.0,0.18,2.4,3.29,0.6,6.0,10.2,Fine
0.62,0.086,0.997,8.0,52.0,0.35,2.8,3.31,0.62,28.0,10.8,Fine
0.77,0.098,0.99892,7.5,92.0,0.2,8.1,3.2,0.58,30.0,9.2,Fine
0.35,0.083,0.9968,7.2,75.0,0.26,1.8,3.4,0.58,33.0,9.5,Fine
0.62,0.088,0.9972,8.0,37.0,0.33,2.7,3.31,0.58,16.0,10.7,Fine
0.77,0.098,0.99892,7.5,92.0,0.2,8.1,3.2,0.58,30.0,9.2,Fine
0.32,0.073,0.99534,9.9,8.0,0.56,2.0,3.15,0.73,3.0,11.4,Fine
0.37,0.08,0.99817,8.6,8.0,0.65,6.4,3.27,0.58,3.0,11.0,Fine
0.37,0.08,0.99817,8.6,8.0,0.65,6.4,3.27,0.58,3.0,11.0,Fine
0.27,0.047,0.99471,10.3,8.0,0.56,1.4,3.16,0.51,3.0,11.8,Fine
0.38,0.073,0.99685,7.2,70.0,0.3,1.8,3.42,0.59,31.0,9.5,Fine
0.42,0.072,0.99617,8.7,59.0,0.45,2.4,3.33,0.77,32.0,12.0,Fine
0.38,0.073,0.99685,7.2,70.0,0.3,1.8,3.42,0.59,31.0,9.5,Fine
0.48,0.074,0.99529,6.8,64.0,0.08,1.8,3.12,0.49,40.0,9.6,Fine
0.19,0.057,0.994,7.9,30.0,0.42,1.6,3.29,0.69,18.0,11.2,Fine
0.34,0.086,0.99546,7.9,19.0,0.42,2.0,3.35,0.6,8.0,11.4,Fine
0.54,0.081,0.99479,7.0,16.0,0.09,2.0,3.43,0.59,10.0,11.5,Fine
0.725,0.117,0.99655,6.6,17.0,0.09,5.5,3.35,0.49,9.0,10.8,Fine
0.4,0.087,0.99772,9.4,20.0,0.47,2.5,3.15,0.5,6.0,10.5,Fine
0.725,0.117,0.99655,6.6,17.0,0.09,5.5,3.35,0.49,9.0,10.8,Fine
0.52,0.096,0.99666,8.6,18.0,0.38,1.5,3.2,0.52,5.0,9.4,Fine
0.52,0.096,0.99666,8.6,18.0,0.38,1.5,3.2,0.52,5.0,9.4,Fine
0.34,0.072,0.99392,8.4,36.0,0.42,2.1,3.11,0.78,23.0,12.4,Fine
0.49,0.071,0.99388,7.4,25.0,0.27,2.1,3.35,0.63,14.0,12.0,Fine
0.48,0.078,0.99402,6.1,30.0,0.09,1.7,3.45,0.54,18.0,11.2,Fine
0.49,0.071,0.99388,7.4,25.0,0.27,2.1,3.35,0.63,14.0,12.0,Fine
0.48,0.073,0.9936,8.0,25.0,0.34,2.2,3.28,0.66,16.0,12.4,Fine
0.57,0.048,0.99374,6.3,49.0,0.28,2.1,3.41,0.6,13.0,12.8,Fine
0.23,0.069,0.99376,8.2,17.0,0.42,1.9,3.21,0.54,9.0,12.3,Fine
0.78,0.09,0.99855,8.1,13.0,0.1,3.3,3.36,0.49,4.0,9.5,Fine
0.47,0.171,0.9982,10.8,66.0,0.43,2.1,3.17,0.76,27.0,10.8,Fine
0.53,0.07,0.99593,8.3,14.0,0.0,1.4,3.25,0.64,6.0,10.0,Fine
0.33,0.056,0.99396,7.9,35.0,0.41,1.5,3.29,0.71,6.0,11.0,Fine
0.24,0.074,0.99698,8.9,10.0,0.39,1.6,3.12,0.59,3.0,9.5,Fine
0.4,0.046,0.9902,5.0,80.0,0.5,4.3,3.49,0.66,29.0,13.6,Fine
0.69,0.091,0.99572,7.0,21.0,0.07,2.5,3.38,0.6,15.0,11.3,Fine
0.69,0.091,0.99572,7.0,21.0,0.07,2.5,3.38,0.6,15.0,11.3,Fine
0.69,0.091,0.99572,7.0,21.0,0.07,2.5,3.38,0.6,15.0,11.3,Fine
0.39,0.065,0.99252,7.1,24.0,0.12,2.1,3.3,0.53,14.0,13.3,Fine
0.66,0.066,0.99256,5.6,15.0,0.0,2.5,3.52,0.58,7.0,12.9,Fine
0.5,0.062,0.99352,6.6,28.0,0.0,1.8,3.44,0.55,21.0,12.3,Fine
0.47,0.055,0.9922,6.3,33.0,0.0,1.4,3.45,0.48,27.0,12.3,Fine
0.4,0.081,0.99674,10.7,29.0,0.37,1.9,3.12,0.65,17.0,11.2,Fine
0.29,0.063,0.9915,5.8,11.0,0.26,1.7,3.39,0.54,3.0,13.5,Fine
0.76,0.072,0.99379,6.3,52.0,0.0,2.9,3.51,0.6,26.0,11.5,Fine
0.43,0.095,0.9984,10.0,89.0,0.33,2.7,3.22,0.68,28.0,10.0,Fine
0.43,0.092,0.99798,10.5,70.0,0.35,3.3,3.21,0.69,24.0,10.5,Fine
0.6,0.058,0.9977,9.1,10.0,0.0,1.9,3.18,0.63,5.0,10.4,Fine
0.19,0.045,0.99341,5.9,135.0,0.21,1.7,3.32,0.44,57.0,9.5,Fine
0.25,0.067,0.9946,8.0,50.0,0.43,1.7,3.38,0.6,22.0,11.9,Fine
0.52,0.08,0.99774,10.4,13.0,0.45,2.0,3.22,0.76,6.0,11.4,Fine
0.52,0.08,0.99774,10.4,13.0,0.45,2.0,3.22,0.76,6.0,11.4,Fine
0.41,0.104,0.99786,7.5,94.0,0.15,3.7,3.14,0.58,29.0,9.1,Fine
0.51,0.079,0.99764,8.2,86.0,0.24,2.0,3.34,0.64,16.0,9.5,Fine
0.4,0.08,0.9969,7.3,79.0,0.3,1.7,3.41,0.65,33.0,9.5,Fine
0.38,0.08,0.99624,8.2,71.0,0.32,2.5,3.27,0.85,24.0,11.0,Fine
0.45,0.043,0.99354,6.9,12.0,0.11,2.4,3.3,0.65,6.0,11.4,Fine
0.22,0.065,0.99672,7.0,20.0,0.3,1.8,3.61,0.82,16.0,10.0,Fine
0.32,0.066,0.99588,7.3,70.0,0.23,2.3,3.43,0.62,35.0,10.1,Fine
0.2,0.076,0.99672,8.2,51.0,0.43,2.5,3.53,0.81,31.0,10.4,Fine
0.5,0.178,0.996,7.8,21.0,0.12,1.8,3.28,0.87,6.0,9.8,Fine
0.39,0.086,0.99526,7.8,21.0,0.42,2.0,3.39,0.66,9.0,11.6,Fine
0.35,0.061,0.99585,10.0,11.0,0.47,2.0,3.23,0.52,6.0,12.0,Fine
0.58,0.044,0.99352,6.1,70.0,0.23,2.5,3.46,0.65,16.0,12.5,Fine
0.6,0.118,0.99616,8.3,38.0,0.25,2.2,3.15,0.53,9.0,9.8,Fine
0.42,0.083,0.99622,9.6,38.0,0.35,2.1,3.23,0.66,17.0,11.1,Fine
0.58,0.1,0.99544,6.6,63.0,0.0,2.2,3.59,0.68,50.0,11.4,Fine
0.6,0.118,0.99616,8.3,38.0,0.25,2.2,3.15,0.53,9.0,9.8,Fine
0.41,0.076,0.99572,6.7,54.0,0.43,2.8,3.42,1.16,22.0,10.6,Fine
0.41,0.11,0.99728,10.2,37.0,0.43,2.2,3.16,0.67,11.0,10.8,Fine
0.45,0.076,0.99551,8.8,21.0,0.43,1.4,3.21,0.75,12.0,10.2,Fine
0.785,0.078,0.99692,9.0,21.0,0.24,1.7,3.29,0.67,10.0,10.0,Fine
0.785,0.078,0.99692,9.0,21.0,0.24,1.7,3.29,0.67,10.0,10.0,Fine
0.44,0.369,0.99634,8.5,38.0,0.5,1.9,3.01,1.1,15.0,9.4,Fine
0.54,0.111,0.99709,9.9,60.0,0.26,2.0,2.94,0.98,7.0,10.2,Fine
0.34,0.067,0.99384,6.5,44.0,0.27,2.8,3.21,0.56,8.0,12.0,Fine
0.5,0.086,0.99502,7.6,14.0,0.29,2.3,3.32,0.62,5.0,11.5,Fine
0.36,0.062,0.99667,9.2,12.0,0.34,1.6,3.2,0.67,5.0,10.5,Fine
0.59,0.078,0.99522,7.1,44.0,0.0,2.2,3.42,0.68,26.0,10.8,Fine
0.42,0.074,0.99649,9.7,16.0,0.46,2.1,3.27,0.74,5.0,12.3,Fine
0.36,0.079,0.99716,7.6,65.0,0.31,1.7,3.46,0.62,26.0,9.5,Fine
0.36,0.079,0.99716,7.6,65.0,0.31,1.7,3.46,0.62,26.0,9.5,Fine
0.61,0.095,0.99541,6.5,59.0,0.0,2.2,3.61,0.7,48.0,11.5,Fine
0.915,0.041,0.99346,5.6,78.0,0.0,2.1,3.68,0.73,17.0,11.4,Fine
0.35,0.076,0.99599,8.2,47.0,0.33,2.4,3.27,0.81,11.0,11.0,Fine
0.35,0.076,0.99599,8.2,47.0,0.33,2.4,3.27,0.81,11.0,11.0,Fine
0.39,0.068,0.99478,9.8,11.0,0.43,1.65,3.19,0.46,5.0,11.4,Fine
0.4,0.068,0.99754,10.2,54.0,0.4,2.5,3.38,0.86,41.0,10.5,Fine
0.66,0.07,0.99572,6.8,61.0,0.07,1.6,3.29,0.6,16.0,9.3,Fine
0.64,0.08,0.99538,6.7,119.0,0.23,2.1,3.36,0.7,11.0,10.9,Fine
0.43,0.085,0.99346,7.0,39.0,0.3,2.0,3.33,0.46,6.0,11.9,Fine
0.8,0.079,0.9963,6.6,12.0,0.03,7.8,3.52,0.5,6.0,12.2,Fine
0.43,0.085,0.99346,7.0,39.0,0.3,2.0,3.33,0.46,6.0,11.9,Fine
0.64,0.08,0.99538,6.7,119.0,0.23,2.1,3.36,0.7,11.0,10.9,Fine
0.4,0.08,0.99652,9.1,20.0,0.57,4.6,3.28,0.57,6.0,12.5,Fine
0.885,0.166,0.99551,6.5,12.0,0.0,2.3,3.56,0.51,6.0,10.8,Fine
0.885,0.166,0.99551,6.4,12.0,0.0,2.3,3.56,0.51,6.0,10.8,Fine
0.745,0.114,0.99588,7.0,64.0,0.12,1.8,3.22,0.59,15.0,9.5,Fine
0.43,0.078,0.99633,6.2,56.0,0.22,1.8,3.52,0.6,21.0,9.5,Fine
0.58,0.076,0.99686,7.9,94.0,0.23,2.3,3.21,0.58,23.0,9.5,Fine
0.57,0.069,0.99458,7.7,9.0,0.21,1.5,3.16,0.54,4.0,9.8,Fine
0.26,0.052,0.9951,7.7,77.0,0.26,2.0,3.15,0.79,19.0,10.9,Fine
0.58,0.076,0.99686,7.9,94.0,0.23,2.3,3.21,0.58,23.0,9.5,Fine
0.57,0.069,0.99458,7.7,9.0,0.21,1.5,3.16,0.54,4.0,9.8,Fine
0.74,0.111,0.99878,9.9,76.0,0.19,5.8,3.14,0.55,33.0,9.4,Fine
0.72,0.136,0.99752,9.9,52.0,0.55,1.7,3.35,0.94,24.0,10.0,Fine
0.65,0.078,0.99498,6.8,15.0,0.02,2.1,3.35,0.62,8.0,10.4,Fine
0.44,0.076,0.9957,6.6,53.0,0.15,2.1,3.32,0.62,22.0,9.3,Fine
0.65,0.078,0.99498,6.8,15.0,0.02,2.1,3.35,0.62,8.0,10.4,Fine
0.38,0.071,0.99659,9.6,13.0,0.42,1.9,3.15,0.75,5.0,10.5,Fine
0.33,0.081,0.99628,10.2,9.0,0.46,1.9,3.1,0.48,6.0,10.4,Fine
0.27,0.095,0.99488,8.8,29.0,0.46,2.1,3.26,0.56,20.0,11.3,Fine
0.57,0.079,0.99677,7.9,79.0,0.31,2.0,3.29,0.69,10.0,9.5,Fine
0.34,0.057,0.99408,8.2,74.0,0.37,1.9,3.23,0.81,43.0,12.0,Fine
0.4,0.082,0.996,8.2,24.0,0.31,1.9,3.24,0.69,8.0,10.6,Fine
0.39,0.044,0.99478,9.0,50.0,0.4,1.3,3.2,0.83,25.0,10.9,Fine
0.32,0.132,0.99734,10.9,44.0,0.52,1.8,3.28,0.77,17.0,11.5,Fine
0.32,0.132,0.99734,10.9,44.0,0.52,1.8,3.28,0.77,17.0,11.5,Fine
0.53,0.078,0.99678,8.1,89.0,0.22,2.2,3.26,0.46,33.0,9.6,Fine
0.36,0.074,0.99638,10.5,23.0,0.47,2.2,3.23,0.76,9.0,12.0,Fine
0.39,0.08,0.9992,12.6,20.0,0.49,2.5,3.07,0.82,8.0,10.3,Fine
0.46,0.091,0.99922,9.2,77.0,0.23,2.6,3.15,0.51,18.0,9.4,Fine
0.58,0.08,0.99592,7.5,46.0,0.03,4.1,3.02,0.47,27.0,9.2,Fine
0.58,0.104,0.99769,9.0,21.0,0.25,2.0,3.27,0.72,8.0,9.6,Fine
0.43,0.075,0.99718,7.6,66.0,0.29,2.1,3.4,0.64,19.0,9.5,Fine
0.18,0.066,0.9947,7.7,58.0,0.34,2.7,3.37,0.78,15.0,11.8,Fine
0.815,0.074,0.99621,7.8,90.0,0.01,2.6,3.38,0.62,48.0,10.8,Fine
0.43,0.075,0.99718,7.6,66.0,0.29,2.1,3.4,0.64,19.0,9.5,Fine
0.75,0.059,0.99242,7.1,18.0,0.01,2.2,3.39,0.4,11.0,12.8,Fine
0.55,0.07,0.99659,7.8,17.0,0.0,1.7,3.26,0.64,7.0,9.4,Fine
0.75,0.059,0.99242,7.1,18.0,0.01,2.2,3.39,0.4,11.0,12.8,Fine
0.61,0.076,0.99494,7.5,60.0,0.2,1.7,3.1,0.4,36.0,9.3,Fine
0.37,0.079,0.99729,9.8,65.0,0.39,2.5,3.16,0.59,28.0,9.8,Fine
0.4,0.058,0.99414,9.0,40.0,0.41,2.0,3.22,0.6,15.0,12.2,Fine
0.56,0.082,0.9983,8.3,86.0,0.22,2.4,3.37,0.62,10.0,9.5,Fine
0.29,0.067,0.99721,5.9,160.0,0.25,13.4,3.33,0.54,72.0,10.3,Fine
0.55,0.082,0.99655,7.4,34.0,0.19,1.8,3.49,0.68,15.0,10.5,Fine
0.74,0.086,0.99502,7.4,48.0,0.07,1.7,3.12,0.48,15.0,10.0,Fine
0.55,0.082,0.99655,7.4,34.0,0.19,1.8,3.49,0.68,15.0,10.5,Fine
0.41,0.081,0.9949,6.9,36.0,0.33,2.2,3.41,0.75,22.0,11.1,Fine
0.6,0.079,0.99514,7.1,37.0,0.01,2.3,3.4,0.61,24.0,10.9,Fine
0.6,0.079,0.99514,7.1,37.0,0.01,2.3,3.4,0.61,24.0,10.9,Fine
0.58,0.077,0.9963,7.5,60.0,0.14,2.2,3.28,0.59,27.0,9.8,Fine
0.72,0.123,0.99627,7.1,14.0,0.0,1.8,3.45,0.58,6.0,9.8,Fine
0.66,0.096,0.99569,7.9,13.0,0.0,1.4,3.43,0.58,6.0,9.5,Fine
0.7,0.079,0.99628,7.8,35.0,0.06,1.9,3.4,0.69,20.0,10.9,Fine
0.64,0.069,0.99358,6.1,46.0,0.02,2.4,3.47,0.45,26.0,11.0,Fine
0.59,0.082,0.99499,7.5,60.0,0.22,1.8,3.1,0.42,43.0,9.2,Fine
0.58,0.085,0.99633,7.0,69.0,0.28,4.8,3.32,0.7,12.0,11.0,Fine
0.64,0.123,0.99538,6.8,33.0,0.0,2.7,3.44,0.63,15.0,11.3,Fine
0.64,0.123,0.99538,6.8,33.0,0.0,2.7,3.44,0.63,15.0,11.3,Fine
0.635,0.403,0.99632,8.6,56.0,0.68,1.8,3.02,1.15,19.0,9.3,Fine
0.45,0.081,0.99726,9.8,66.0,0.38,2.5,3.15,0.58,34.0,9.8,Fine
0.37,0.066,0.99456,8.5,51.0,0.32,1.8,3.38,0.72,26.0,11.8,Fine
0.57,0.081,0.99564,7.2,36.0,0.05,2.3,3.38,0.6,16.0,10.3,Fine
0.57,0.081,0.99564,7.2,36.0,0.05,2.3,3.38,0.6,16.0,10.3,Fine
0.43,0.068,0.996,10.4,19.0,0.5,2.3,3.1,0.87,13.0,11.4,Fine
0.41,0.079,0.99668,6.9,51.0,0.31,2.0,3.47,0.55,21.0,9.5,Fine
0.38,0.048,0.99084,5.0,60.0,0.01,1.6,3.7,0.75,26.0,14.0,Fine
0.44,0.049,0.9935,7.3,64.0,0.2,1.6,3.38,0.57,24.0,11.7,Fine
0.46,0.077,0.99385,5.9,44.0,0.0,1.9,3.5,0.53,25.0,11.2,Fine
0.58,0.073,0.99494,7.5,44.0,0.2,2.0,3.1,0.43,34.0,9.3,Fine
0.58,0.102,0.9944,7.8,36.0,0.13,2.1,3.24,0.53,17.0,11.2,Fine
0.715,0.075,0.99688,8.0,81.0,0.22,2.3,3.24,0.54,13.0,9.5,Fine
0.69,0.114,0.99636,7.0,10.0,0.0,1.9,3.35,0.6,3.0,9.7,Fine
0.715,0.075,0.99688,8.0,81.0,0.22,2.3,3.24,0.54,13.0,9.5,Fine
0.46,0.077,0.9956,7.1,54.0,0.2,1.9,3.37,0.64,28.0,10.4,Fine
0.46,0.077,0.9956,7.1,54.0,0.2,1.9,3.37,0.64,28.0,10.4,Fine
0.765,0.084,0.99619,7.9,22.0,0.0,2.0,3.33,0.68,9.0,10.9,Fine
0.63,0.096,0.99734,8.7,69.0,0.28,2.7,3.26,0.63,17.0,10.2,Fine
0.42,0.071,0.99476,7.0,36.0,0.19,2.3,3.39,0.56,18.0,10.9,Fine
0.37,0.09,0.99734,11.3,47.0,0.5,1.8,3.15,0.57,20.0,10.5,Fine
0.16,0.068,0.99328,7.1,31.0,0.44,2.5,3.35,0.54,17.0,12.4,Fine
0.6,0.056,0.99286,8.0,7.0,0.08,2.6,3.22,0.37,3.0,13.0,Fine
0.6,0.068,0.99914,7.0,110.0,0.3,4.5,3.3,1.17,20.0,10.2,Fine
0.6,0.068,0.99914,7.0,110.0,0.3,4.5,3.3,1.17,20.0,10.2,Fine
0.74,0.1,0.99521,7.6,12.0,0.0,1.9,3.36,0.59,6.0,11.0,Fine
0.635,0.073,0.99638,8.2,60.0,0.1,2.1,3.29,0.75,25.0,10.9,Fine
0.395,0.056,0.99362,5.9,28.0,0.13,2.4,3.62,0.67,14.0,12.4,Fine
0.635,0.073,0.99638,8.2,60.0,0.1,2.1,3.29,0.75,25.0,10.9,Fine
0.63,0.093,0.99558,6.6,77.5,0.0,4.3,3.2,0.45,51.0,9.5,Fine
0.63,0.093,0.99558,6.6,77.5,0.0,4.3,3.2,0.45,51.0,9.5,Fine
0.53,0.064,0.99323,7.2,29.0,0.14,2.1,3.35,0.61,15.0,12.1,Fine
0.6,0.063,0.99191,5.7,18.0,0.0,1.4,3.45,0.56,11.0,12.2,Fine
0.645,0.08,0.99444,5.2,28.0,0.0,2.15,3.78,0.61,15.0,12.5,Fine
0.86,0.1,0.99598,6.7,57.0,0.07,2.0,3.6,0.74,20.0,11.7,Fine
0.37,0.064,0.99576,9.1,15.0,0.32,2.1,3.3,0.8,4.0,11.2,Fine
0.28,0.081,0.99501,8.0,68.0,0.44,1.8,3.36,0.66,28.0,11.2,Fine
0.79,0.087,0.9955,7.6,68.0,0.21,2.3,3.12,0.44,21.0,9.2,Fine
0.61,0.073,0.99612,7.5,88.0,0.26,1.9,3.3,0.53,24.0,9.8,Fine
0.69,0.088,0.9979,9.7,91.0,0.32,2.5,3.29,0.62,22.0,10.1,Fine
0.69,0.088,0.9979,9.7,91.0,0.32,2.5,3.29,0.62,22.0,10.1,Fine
0.62,0.071,0.996,7.0,63.0,0.1,1.4,3.28,0.61,27.0,9.2,Fine
0.61,0.073,0.99612,7.5,88.0,0.26,1.9,3.3,0.53,24.0,9.8,Fine
0.51,0.064,0.9929,6.5,27.0,0.15,3.0,3.33,0.59,12.0,12.8,Fine
1.18,0.083,0.99532,8.0,41.0,0.21,1.9,3.34,0.47,14.0,10.5,Fine
0.36,0.086,0.99558,7.0,65.0,0.21,2.3,3.4,0.54,20.0,10.1,Fine
0.36,0.086,0.99556,7.0,69.0,0.21,2.4,3.4,0.53,24.0,10.1,Fine
0.63,0.083,0.99616,7.5,91.0,0.27,2.0,3.26,0.58,17.0,9.8,Fine
0.74,0.041,0.99258,5.4,46.0,0.0,1.2,4.01,0.59,16.0,12.5,Fine
0.44,0.091,0.99638,9.9,41.0,0.46,2.2,3.18,0.69,10.0,11.9,Fine
0.63,0.083,0.99616,7.5,91.0,0.27,2.0,3.26,0.58,17.0,9.8,Fine
0.76,0.414,0.99652,9.1,64.0,0.68,1.7,2.9,1.33,18.0,9.1,Fine
0.66,0.094,0.99796,9.7,88.0,0.34,2.6,3.26,0.66,12.0,10.1,Fine
0.74,0.041,0.99258,5.0,46.0,0.0,1.2,4.01,0.59,16.0,12.5,Fine
0.34,0.058,0.99392,9.1,18.0,0.42,1.8,3.18,0.55,9.0,11.4,Fine
0.46,0.077,0.9948,6.7,34.0,0.24,1.7,3.39,0.6,18.0,10.6,Fine
0.46,0.077,0.9948,6.7,34.0,0.24,1.7,3.39,0.6,18.0,10.6,Fine
0.46,0.077,0.9948,6.7,34.0,0.24,1.7,3.39,0.6,18.0,10.6,Fine
0.46,0.077,0.9948,6.7,34.0,0.24,1.7,3.39,0.6,18.0,10.6,Fine
0.52,0.073,0.9955,6.5,38.0,0.11,1.8,3.34,0.52,13.0,9.3,Fine
0.6,0.083,0.99616,7.4,91.0,0.26,2.1,3.29,0.56,17.0,9.8,Fine
0.6,0.083,0.99616,7.4,91.0,0.26,2.1,3.29,0.56,17.0,9.8,Fine
0.87,0.107,0.99668,7.8,67.0,0.26,3.8,3.26,0.46,31.0,9.2,Fine
0.39,0.075,0.99581,8.4,25.0,0.1,1.7,3.09,0.43,6.0,9.7,Fine
0.775,0.079,0.9976,9.1,48.0,0.22,2.2,3.18,0.51,12.0,9.6,Fine
0.835,0.166,0.99608,7.2,11.0,0.0,2.0,3.39,0.52,4.0,10.0,Fine
0.58,0.069,0.99387,6.6,40.0,0.02,2.4,3.38,0.66,19.0,12.6,Fine
0.5,0.057,0.99448,6.0,26.0,0.0,1.4,3.36,0.45,15.0,9.5,Fine
0.5,0.057,0.99448,6.0,26.0,0.0,1.4,3.36,0.45,15.0,9.5,Fine
0.5,0.057,0.99448,6.0,26.0,0.0,1.4,3.36,0.45,15.0,9.5,Fine
0.51,0.084,0.99538,7.5,31.0,0.02,1.7,3.36,0.54,13.0,10.5,Fine
0.51,0.084,0.99538,7.5,31.0,0.02,1.7,3.36,0.54,13.0,10.5,Fine
0.51,0.084,0.99538,7.5,31.0,0.02,1.7,3.36,0.54,13.0,10.5,Fine
0.54,0.085,0.99589,7.6,31.0,0.02,1.7,3.37,0.51,17.0,10.4,Fine
0.51,0.084,0.99538,7.5,31.0,0.02,1.7,3.36,0.54,13.0,10.5,Fine
0.42,0.077,0.99852,11.5,20.0,0.48,2.6,3.09,0.53,8.0,11.0,Fine
0.44,0.063,0.99613,8.2,28.0,0.24,2.3,3.25,0.53,10.0,10.2,Fine
0.59,0.056,0.99472,6.1,13.0,0.01,2.1,3.52,0.56,5.0,11.4,Fine
0.655,0.078,0.99587,7.2,12.0,0.03,1.8,3.34,0.39,7.0,9.5,Fine
0.655,0.078,0.99587,7.2,12.0,0.03,1.8,3.34,0.39,7.0,9.5,Fine
0.57,0.081,0.99518,6.9,41.0,0.0,2.8,3.41,0.52,21.0,10.8,Fine
0.6,0.069,0.99654,9.0,73.0,0.29,2.0,3.34,0.57,32.0,10.0,Fine
0.62,0.065,0.99332,7.2,46.0,0.01,2.3,3.32,0.51,8.0,11.8,Fine
0.645,0.086,0.9969,7.6,57.0,0.03,1.9,3.37,0.46,14.0,10.3,Fine
0.645,0.086,0.9969,7.6,57.0,0.03,1.9,3.37,0.46,14.0,10.3,Fine
0.58,0.077,0.99568,7.2,28.0,0.03,2.3,3.35,0.52,7.0,10.0,Fine
0.32,0.086,0.99464,6.1,32.0,0.25,1.8,3.36,0.44,5.0,10.1,Fine
0.34,0.084,0.99464,6.1,28.0,0.25,1.8,3.36,0.44,4.0,10.1,Fine
0.43,0.078,0.99648,7.3,67.0,0.24,2.5,3.6,0.59,27.0,11.1,Fine
0.64,0.168,0.99736,7.4,98.0,0.17,5.4,3.28,0.5,52.0,9.5,Fine
0.475,0.091,0.99704,11.6,28.0,0.4,1.4,3.07,0.65,6.0,10.0333333333,Fine
0.54,0.112,0.99699,9.2,38.0,0.31,2.3,3.24,0.56,11.0,10.9,Fine
0.85,0.093,0.99724,8.3,54.0,0.14,2.5,3.36,0.54,13.0,10.1,Fine
0.475,0.091,0.99704,11.6,28.0,0.4,1.4,3.07,0.65,6.0,10.0333333333,Fine
0.605,0.096,0.995,7.2,31.0,0.02,1.9,3.46,0.53,10.0,11.8,Fine
0.5,0.115,0.9971,7.8,42.0,0.09,2.2,3.18,0.62,10.0,9.5,Fine
0.74,0.094,0.99576,7.3,45.0,0.08,1.7,3.24,0.5,10.0,9.8,Fine
0.54,0.088,0.99725,6.9,105.0,0.3,2.2,3.25,1.18,9.0,10.5,Fine
0.77,0.079,0.99656,8.0,74.0,0.32,2.1,3.27,0.5,16.0,9.8,Fine
0.78,0.415,0.99623,8.7,66.0,0.51,1.7,3.0,1.17,12.0,9.2,Fine
0.58,0.153,0.99476,7.5,14.0,0.56,3.1,3.21,1.03,5.0,11.6,Fine
0.78,0.415,0.99623,8.7,66.0,0.51,1.7,3.0,1.17,12.0,9.2,Fine
0.75,0.11,0.99664,7.7,89.0,0.27,3.8,3.24,0.45,34.0,9.3,Fine
0.56,0.083,0.99586,7.2,100.0,0.26,2.0,3.26,0.52,13.0,9.9,Fine
0.885,0.086,0.9946,8.2,31.0,0.2,1.4,3.11,0.46,7.0,10.0,Fine
0.49,0.09,0.9953,5.2,74.0,0.26,2.3,3.71,0.62,23.0,12.2,Fine
0.45,0.078,0.99609,7.2,28.0,0.15,2.0,3.29,0.51,10.0,9.9,Fine
0.57,0.077,0.99557,7.5,35.0,0.02,2.6,3.36,0.62,11.0,10.8,Fine
0.57,0.077,0.99557,7.5,35.0,0.02,2.6,3.36,0.62,11.0,10.8,Fine
0.83,0.074,0.99534,6.8,25.0,0.09,1.8,3.38,0.45,4.0,9.6,Fine
0.6,0.08,0.99613,8.0,105.0,0.22,2.1,3.3,0.49,25.0,9.9,Fine
0.6,0.08,0.99613,8.0,105.0,0.22,2.1,3.3,0.49,25.0,9.9,Fine
0.755,0.107,0.99593,7.1,84.0,0.15,1.8,3.19,0.5,20.0,9.5,Fine
0.81,0.076,0.99668,8.0,85.0,0.25,3.4,3.19,0.42,34.0,9.2,Fine
0.64,0.1,0.9961,7.4,23.0,0.07,1.8,3.3,0.58,8.0,9.6,Fine
0.64,0.1,0.9961,7.4,23.0,0.07,1.8,3.3,0.58,8.0,9.6,Fine
0.64,0.083,0.99718,6.6,49.0,0.31,6.1,3.35,0.68,7.0,10.3,Fine
0.48,0.08,0.99524,6.7,111.0,0.02,2.2,3.1,0.53,36.0,9.7,Fine
0.49,0.068,0.99292,6.0,33.0,0.0,2.3,3.58,0.59,15.0,12.5,Fine
0.64,0.094,0.99612,8.0,33.0,0.22,2.4,3.37,0.58,5.0,11.0,Fine
0.62,0.07,0.9942,7.1,12.0,0.06,1.3,3.17,0.48,5.0,9.8,Fine
0.52,0.078,0.99612,8.0,59.0,0.25,2.0,3.3,0.48,19.0,10.2,Fine
0.57,0.07,0.99669,6.4,73.0,0.14,3.9,3.32,0.48,27.0,9.2,Fine
0.685,0.092,0.99745,8.6,12.0,0.1,1.6,3.31,0.65,3.0,9.55,Fine
0.675,0.09,0.99745,8.7,11.0,0.1,1.6,3.31,0.65,4.0,9.55,Fine
0.59,0.08,0.99584,7.3,104.0,0.26,2.0,3.28,0.52,17.0,9.9,Fine
0.67,0.068,0.9956,7.2,24.0,0.0,2.2,3.42,0.72,10.0,11.1,Fine
0.69,0.08,0.9962,7.9,141.0,0.21,2.1,3.25,0.51,33.0,9.9,Fine
0.69,0.08,0.9962,7.9,141.0,0.21,2.1,3.25,0.51,33.0,9.9,Fine
0.3,0.052,0.9963,7.6,24.0,0.42,2.0,3.44,0.82,6.0,11.9,Fine
0.5,0.082,0.9985,8.0,46.0,0.39,2.6,3.43,0.62,12.0,10.7,Fine
0.24,0.062,0.9974,8.2,22.0,0.34,5.1,3.22,0.94,8.0,10.9,Fine
0.51,0.064,0.995,6.0,54.0,0.0,2.1,3.54,0.93,40.0,10.7,Fine
0.51,0.064,0.995,6.0,54.0,0.0,2.1,3.54,0.93,40.0,10.7,Fine
0.96,0.082,0.9936,6.6,16.0,0.0,1.8,3.5,0.44,5.0,11.9,Fine
0.47,0.071,0.9963,6.4,19.0,0.4,2.4,3.56,0.73,8.0,10.6,Fine
0.24,0.062,0.9974,8.2,22.0,0.34,5.1,3.22,0.94,8.0,10.9,Fine
0.57,0.104,0.9963,9.9,89.0,0.25,2.0,3.04,0.9,12.0,10.1,Fine
0.32,0.077,0.9994,10.0,15.0,0.59,2.2,3.2,0.78,3.0,9.6,Fine
0.58,0.065,0.9966,6.2,18.0,0.0,1.6,3.56,0.84,8.0,9.4,Fine
0.32,0.077,0.9994,10.0,15.0,0.59,2.2,3.2,0.78,3.0,9.6,Fine
0.53,0.077,0.995,7.8,19.0,0.01,1.6,3.16,0.46,3.0,9.8,Fine
0.64,0.077,0.9956,7.7,133.0,0.21,2.2,3.27,0.45,32.0,9.9,Fine
0.53,0.077,0.995,7.8,19.0,0.01,1.6,3.16,0.46,3.0,9.8,Fine
0.4,0.079,0.9965,7.5,58.0,0.18,1.6,3.34,0.58,24.0,9.4,Fine
0.54,0.079,0.9956,7.0,55.0,0.0,2.1,3.39,0.84,39.0,11.4,Fine
0.26,0.076,0.9974,8.3,23.0,0.37,1.4,3.26,0.7,8.0,9.6,Fine
0.26,0.076,0.9974,8.3,23.0,0.37,1.4,3.26,0.7,8.0,9.6,Fine
0.23,0.046,0.9971,7.7,60.0,0.37,1.8,3.41,0.71,23.0,12.1,Fine
0.41,0.078,0.9957,7.6,23.0,0.33,2.5,3.3,0.58,6.0,11.2,Fine
0.64,0.072,0.9962,7.8,55.0,0.0,1.9,3.31,0.63,27.0,11.0,Fine
0.18,0.049,0.996,7.9,67.0,0.4,2.2,3.33,0.93,38.0,11.3,Fine
0.41,0.066,0.9956,7.4,47.0,0.24,1.8,3.37,0.62,18.0,10.4,Fine
0.43,0.069,0.9958,7.6,74.0,0.31,2.1,3.26,0.54,13.0,9.9,Fine
0.44,0.042,0.9944,5.9,11.0,0.0,1.6,3.48,0.85,3.0,11.7,Fine
0.54,0.214,1.00369,10.2,95.0,0.37,15.4,3.18,0.77,55.0,9.0,Fine
0.54,0.214,1.00369,10.2,95.0,0.37,15.4,3.18,0.77,55.0,9.0,Fine
0.38,0.169,0.99914,10.0,90.0,0.38,1.6,3.15,0.65,27.0,8.5,Fine
0.915,0.07,0.99577,6.8,39.0,0.29,4.8,3.53,0.54,15.0,11.1,Fine
0.59,0.052,0.996,7.0,8.0,0.0,1.7,3.41,0.47,3.0,10.3,Fine
0.67,0.072,0.99566,7.3,92.0,0.02,2.2,3.32,0.68,31.0,11.0666666667,Fine
0.785,0.094,0.99713,7.4,98.0,0.19,5.2,3.16,0.52,19.0,9.5666666667,Fine
0.63,0.078,0.99712,6.9,30.0,0.02,1.9,3.4,0.75,18.0,9.8,Fine
0.58,0.058,0.99322,6.9,22.0,0.2,1.75,3.38,0.49,8.0,11.7,Fine
0.67,0.072,0.99566,7.3,92.0,0.02,2.2,3.32,0.68,31.0,11.1,Fine
0.785,0.094,0.99713,7.4,98.0,0.19,5.2,3.16,0.52,19.0,9.6,Fine
0.63,0.078,0.99712,6.9,30.0,0.02,1.9,3.4,0.75,18.0,9.8,Fine
0.67,0.08,0.99701,6.8,39.0,0.0,1.9,3.4,0.74,22.0,9.7,Fine
0.58,0.08,0.99683,6.9,54.0,0.01,1.9,3.4,0.73,40.0,9.7,Fine
0.49,0.074,0.99706,7.6,85.0,0.33,1.9,3.41,0.58,27.0,9.0,Fine
0.45,0.073,0.99974,11.7,23.0,0.63,2.2,3.21,0.69,7.0,10.9,Fine
0.9,0.052,0.99467,6.5,17.0,0.0,1.6,3.5,0.63,9.0,10.9,Fine
0.54,0.05,0.99236,6.0,89.0,0.06,1.8,3.3,0.5,38.0,10.55,Fine
0.49,0.074,0.99706,7.6,85.0,0.33,1.9,3.41,0.58,27.0,9.0,Fine
0.29,0.067,0.99603,8.4,20.0,0.4,1.7,3.39,0.6,8.0,10.5,Fine
0.42,0.054,0.99724,6.4,64.0,0.09,2.3,3.41,0.68,34.0,10.4,Fine
0.64,0.075,0.99545,6.8,31.0,0.03,2.3,3.36,0.58,14.0,10.4,Fine
0.63,0.076,0.99522,6.9,39.0,0.01,2.4,3.34,0.53,14.0,10.8,Fine
0.59,0.063,0.9958,6.8,53.0,0.1,1.7,3.41,0.67,34.0,9.7,Fine
0.59,0.063,0.9958,6.8,53.0,0.1,1.7,3.41,0.67,34.0,9.7,Fine
0.69,0.084,0.99578,10.0,24.0,0.11,1.4,2.88,0.47,8.0,9.7,Fine
0.7,0.067,0.99334,6.7,16.0,0.08,3.75,3.43,0.52,8.0,12.6,Fine
0.35,0.073,0.99656,7.6,44.0,0.6,2.6,3.38,0.79,23.0,11.1,Fine
0.6,0.071,0.99336,6.1,45.0,0.08,1.8,3.38,0.54,14.0,11.0,Fine
0.5,0.205,1.00242,9.9,82.0,0.5,13.8,3.16,0.75,48.0,8.8,Fine
0.5,0.205,1.00242,9.9,82.0,0.5,13.8,3.16,0.75,48.0,8.8,Fine
0.28,0.104,0.99828,8.2,22.0,0.6,3.0,3.39,0.68,10.0,10.6,Fine
0.28,0.104,0.99828,8.2,22.0,0.6,3.0,3.39,0.68,10.0,10.6,Fine
0.33,0.042,0.99542,8.1,12.0,0.44,1.5,3.35,0.61,6.0,10.7,Fine
0.655,0.074,0.99606,7.0,25.0,0.16,2.1,3.37,0.55,8.0,9.7,Fine
0.68,0.07,0.99546,6.8,23.0,0.21,2.1,3.38,0.6,9.0,10.3,Fine
0.64,0.066,0.99496,6.0,17.0,0.05,1.9,3.52,0.78,9.0,10.6,Fine
0.54,0.049,0.9942,5.6,13.0,0.04,1.7,3.72,0.58,5.0,11.4,Fine
0.57,0.048,0.99448,6.2,11.0,0.1,2.1,3.44,0.76,4.0,10.8,Fine
0.22,0.039,0.99344,7.1,18.0,0.49,1.8,3.39,0.56,8.0,12.4,Fine
0.54,0.049,0.9942,5.6,13.0,0.04,1.7,3.72,0.58,5.0,11.4,Fine
0.65,0.05,0.99348,6.2,18.0,0.06,1.6,3.57,0.54,6.0,11.95,Fine
0.54,0.089,0.99636,7.7,147.0,0.26,1.9,3.26,0.59,23.0,9.7,Fine
0.43,0.08,0.99492,7.0,28.0,0.02,1.9,3.35,0.81,15.0,10.6,Fine
0.54,0.089,0.99636,7.7,147.0,0.26,1.9,3.26,0.59,23.0,9.7,Fine
0.74,0.054,0.99508,6.9,16.0,0.03,2.3,3.45,0.63,7.0,11.5,Fine
0.895,0.068,0.99582,6.6,13.0,0.04,2.3,3.53,0.58,7.0,10.8,Fine
0.74,0.054,0.99508,6.9,16.0,0.03,2.3,3.45,0.63,7.0,11.5,Fine
0.725,0.076,0.99508,7.5,15.0,0.04,1.5,3.26,0.53,8.0,9.6,Fine
0.82,0.083,0.99642,7.8,64.0,0.29,4.3,3.16,0.53,21.0,9.4,Fine
0.585,0.078,0.99638,7.3,60.0,0.18,2.4,3.31,0.54,15.0,9.8,Fine
0.44,0.077,0.99555,6.2,14.0,0.39,2.5,3.51,0.69,6.0,11.0,Fine
0.38,0.106,0.99605,7.5,12.0,0.57,2.3,3.36,0.55,5.0,11.4,Fine
0.81,0.07,0.99562,6.8,14.0,0.05,2.0,3.51,0.66,6.0,10.8,Fine
0.38,0.106,0.99605,7.5,12.0,0.57,2.3,3.36,0.55,5.0,11.4,Fine
0.27,0.074,0.99814,7.1,25.0,0.6,2.1,3.38,0.72,17.0,10.6,Fine
0.18,0.062,0.9941,7.9,20.0,0.4,1.8,3.28,0.7,7.0,11.1,Fine
0.36,0.047,0.99661,6.4,48.0,0.21,2.2,3.47,0.77,26.0,9.7,Fine
0.69,0.068,0.99712,7.1,27.0,0.04,2.1,3.44,0.67,19.0,9.8,Fine
0.79,0.061,0.99588,6.4,17.0,0.04,2.2,3.53,0.65,11.0,10.4,Fine
0.56,0.078,0.99294,6.4,65.0,0.15,1.8,3.33,0.6,17.0,10.5,Fine
0.84,0.074,0.99842,6.9,65.0,0.21,4.1,3.53,0.72,16.0,9.2333333333,Fine
0.84,0.074,0.99842,6.9,65.0,0.21,4.1,3.53,0.72,16.0,9.25,Fine
0.32,0.071,0.99633,6.1,58.0,0.25,2.3,3.42,0.97,23.0,10.6,Fine
0.53,0.063,0.99489,6.5,44.0,0.06,2.0,3.38,0.83,29.0,10.3,Fine
0.47,0.114,0.99647,7.4,20.0,0.46,2.2,3.32,0.63,7.0,10.5,Fine
0.7,0.106,0.99665,6.6,27.0,0.08,2.6,3.44,0.58,14.0,10.2,Fine
0.53,0.063,0.99489,6.5,44.0,0.06,2.0,3.38,0.83,29.0,10.3,Fine
0.32,0.071,0.99633,6.1,58.0,0.25,2.3,3.42,0.97,23.0,10.6,Fine
0.48,0.076,0.9953,6.8,61.0,0.25,2.0,3.34,0.6,29.0,10.4,Fine
0.42,0.075,0.99522,6.0,47.0,0.19,2.0,3.39,0.78,22.0,10.0,Fine
0.48,0.064,0.99552,6.7,34.0,0.08,2.1,3.33,0.64,18.0,9.7,Fine
0.47,0.064,0.99553,6.8,38.0,0.08,2.2,3.3,0.65,18.0,9.6,Fine
0.53,0.071,0.9951,7.1,24.0,0.07,1.7,3.29,0.66,15.0,10.8,Fine
0.29,0.096,0.99714,7.9,59.0,0.49,2.2,3.31,0.67,21.0,10.1,Fine
0.69,0.063,0.99608,7.1,52.0,0.08,2.1,3.42,0.6,42.0,10.2,Fine
0.44,0.063,0.99444,6.6,18.0,0.09,2.2,3.42,0.69,9.0,11.3,Fine
0.705,0.081,0.99631,6.1,28.0,0.1,2.8,3.6,0.66,13.0,10.2,Fine
0.53,0.058,0.99573,7.2,22.0,0.13,2.0,3.21,0.68,18.0,9.9,Fine
0.39,0.074,0.99717,8.0,84.0,0.3,1.9,3.39,0.61,32.0,9.0,Fine
0.55,0.075,0.9959,7.0,35.0,0.13,2.2,3.36,0.59,15.0,9.7,Fine
0.53,0.077,0.99528,6.1,45.0,0.08,1.9,3.6,0.68,24.0,10.3,Fine
0.58,0.059,0.99484,5.4,31.0,0.08,1.9,3.5,0.64,20.0,10.2,Fine
0.64,0.081,0.99538,6.2,26.0,0.09,2.5,3.57,0.63,15.0,12.0,Fine
0.39,0.065,0.99714,7.2,60.0,0.32,1.8,3.46,0.78,34.0,9.9,Fine
0.52,0.071,0.99646,6.2,32.0,0.08,4.4,3.56,0.63,11.0,11.6,Fine
0.855,0.064,0.99472,6.7,38.0,0.02,1.9,3.3,0.56,29.0,10.75,Fine
0.44,0.064,0.99758,11.1,19.0,0.42,2.2,3.25,0.57,14.0,10.4,Fine
0.63,0.059,0.99531,6.5,28.0,0.33,1.8,3.36,0.64,16.0,10.1,Fine
0.57,0.072,0.99575,7.0,26.0,0.02,2.0,3.36,0.61,17.0,10.2,Fine
0.6,0.048,0.99306,6.3,26.0,0.1,1.6,3.55,0.51,12.0,12.1,Fine
0.4,0.099,0.99783,11.2,50.0,0.5,2.0,3.1,0.58,19.0,10.4,Fine
0.68,0.087,0.99783,7.1,26.0,0.0,2.3,3.45,0.53,17.0,9.5,Fine
0.67,0.083,0.99768,7.1,27.0,0.0,2.3,3.44,0.54,18.0,9.4,Fine
0.68,0.103,0.99586,6.3,54.0,0.01,3.7,3.51,0.66,32.0,11.3,Fine
0.735,0.08,0.99765,7.3,28.0,0.0,2.2,3.41,0.6,18.0,9.4,Fine
0.855,0.062,0.99627,6.6,23.0,0.02,2.4,3.54,0.6,15.0,11.0,Fine
0.88,0.066,0.99636,6.6,20.0,0.04,2.2,3.53,0.56,12.0,9.9,Fine
0.855,0.062,0.99627,6.6,23.0,0.02,2.4,3.54,0.6,15.0,11.0,Fine
0.63,0.235,0.99787,6.9,115.0,0.33,6.7,3.22,0.56,66.0,9.5,Fine
0.6,0.08,0.99622,7.8,131.0,0.26,2.0,3.21,0.52,31.0,9.9,Fine
0.6,0.08,0.99622,7.8,131.0,0.26,2.0,3.21,0.52,31.0,9.9,Fine
0.6,0.08,0.99622,7.8,131.0,0.26,2.0,3.21,0.52,31.0,9.9,Fine
0.695,0.076,0.99546,7.2,20.0,0.13,2.0,3.29,0.54,12.0,10.1,Fine
0.695,0.076,0.99546,7.2,20.0,0.13,2.0,3.29,0.54,12.0,10.1,Fine
0.695,0.076,0.99546,7.2,20.0,0.13,2.0,3.29,0.54,12.0,10.1,Fine
0.67,0.061,0.99489,6.7,42.0,0.02,1.9,3.39,0.82,26.0,10.9,Fine
0.16,0.059,0.99494,6.7,52.0,0.64,2.1,3.34,0.71,24.0,11.2,Fine
0.695,0.076,0.99546,7.2,20.0,0.13,2.0,3.29,0.54,12.0,10.1,Fine
0.56,0.077,0.99629,7.0,42.0,0.13,1.6,3.34,0.59,25.0,9.2,Fine
0.51,0.056,0.99396,6.2,34.0,0.14,1.9,3.48,0.57,15.0,11.5,Fine
0.36,0.23,0.9934,6.4,35.0,0.53,2.2,3.37,0.93,19.0,12.4,Fine
0.38,0.038,0.99514,6.4,25.0,0.14,2.2,3.44,0.65,15.0,11.1,Fine
0.69,0.069,0.99632,7.3,104.0,0.32,2.2,3.33,0.51,35.0,9.5,Fine
0.58,0.075,0.99467,6.0,50.0,0.2,2.4,3.58,0.67,15.0,12.5,Fine
0.31,0.074,0.99677,5.6,92.0,0.78,13.9,3.39,0.48,23.0,10.5,Fine
0.52,0.06,0.99474,7.5,20.0,0.4,2.2,3.26,0.64,12.0,11.8,Fine
0.3,0.081,0.99588,8.0,29.0,0.63,1.6,3.3,0.78,16.0,10.8,Fine
0.7,0.076,0.99622,6.2,27.0,0.15,5.1,3.54,0.6,13.0,11.9,Fine
0.67,0.118,0.9954,6.8,20.0,0.15,1.8,3.42,0.67,13.0,11.3,Fine
0.56,0.053,0.99402,6.2,32.0,0.09,1.7,3.54,0.6,24.0,11.3,Fine
0.35,0.068,0.9947,7.4,26.0,0.33,2.4,3.36,0.6,9.0,11.9,Fine
0.56,0.053,0.99402,6.2,32.0,0.09,1.7,3.54,0.6,24.0,11.3,Fine
0.715,0.053,0.99362,6.1,27.0,0.1,2.6,3.57,0.5,13.0,11.9,Fine
0.46,0.074,0.99578,6.2,98.0,0.29,2.1,3.33,0.62,32.0,9.8,Fine
0.39,0.066,0.99494,7.2,48.0,0.44,2.6,3.3,0.84,22.0,11.5,Fine
0.31,0.065,0.99492,7.5,60.0,0.41,2.4,3.34,0.85,34.0,11.4,Fine
0.61,0.066,0.99483,5.8,28.0,0.11,1.8,3.55,0.66,18.0,10.9,Fine
0.66,0.068,0.99414,7.2,102.0,0.33,2.5,3.27,0.78,34.0,12.8,Fine
0.725,0.073,0.9977,6.6,79.0,0.2,7.8,3.29,0.54,29.0,9.2,Fine
0.55,0.077,0.99314,6.3,35.0,0.15,1.8,3.32,0.82,26.0,11.6,Fine
0.74,0.089,0.99402,5.4,26.0,0.09,1.7,3.67,0.56,16.0,11.6,Fine
0.51,0.076,0.99574,6.3,40.0,0.13,2.3,3.42,0.75,29.0,11.0,Fine
0.62,0.068,0.99651,6.8,38.0,0.08,1.9,3.42,0.82,28.0,9.5,Fine
0.6,0.09,0.9949,6.2,44.0,0.08,2.0,3.45,0.58,32.0,10.5,Fine
0.55,0.062,0.99512,5.9,51.0,0.1,2.2,3.52,0.76,39.0,11.2,Fine
0.51,0.076,0.99574,6.3,40.0,0.13,2.3,3.42,0.75,29.0,11.0,Fine
0.645,0.075,0.99547,5.9,44.0,0.12,2.0,3.57,0.71,32.0,10.2,Fine
0.31,0.067,0.99549,6.0,42.0,0.47,3.6,3.39,0.66,18.0,11.0,Fine
